"","L","US","rep","dem","female","employed","nonhispanic_white","bachelors","above_median_income","zip"
"1",1,1,0,0,0,1,1,0,0,24014
"2",8,10,0,1,1,1,1,1,1,97230
"3",9,9,0,1,1,0,1,0,0,20194
"4",0,0,0,0,0,1,1,0,1,75161
"5",6,6,0,1,0,1,0,1,0,95112
"6",5,4,0,0,1,1,1,0,0,30215
"7",10,10,0,0,0,1,1,1,0,42071
"8",6,5,0,1,1,1,1,0,1,95827
"9",1,3,0,0,0,1,0,1,0,60077
"10",6,7,0,1,1,1,1,0,0,25674
"11",3,3,NA,NA,0,1,1,1,1,92606
"12",4,6,1,0,0,1,1,1,1,31411
"13",10,10,0,0,0,1,1,1,1,98121
"14",5,9,0,0,0,1,1,1,1,45069
"15",6,5,0,0,1,1,0,1,0,0
"16",4,3,0,0,0,0,1,0,0,13142
"17",6,7,0,1,1,1,1,0,1,44889
"18",5,5,NA,NA,0,1,1,1,1,98043
"19",1,1,0,1,0,1,1,1,0,42101
"20",4,4,0,1,0,1,1,1,1,1040
"21",8,10,0,1,1,1,1,1,1,56377
"22",10,10,0,1,1,1,1,1,1,19147
"23",3,3,1,0,0,1,1,1,1,76131
"24",5,6,0,1,0,1,1,1,1,16229
"25",2,3,1,0,0,1,1,0,0,97623
"26",0,1,1,0,0,1,1,0,0,30165
"27",10,10,0,1,1,1,1,0,0,98117
"28",0,0,1,0,0,1,1,0,0,4401
"29",6,6,0,0,0,1,0,0,1,89178
"30",10,10,0,1,0,1,1,1,0,99507
"31",10,10,0,1,1,1,1,0,0,92867
"32",0,0,1,0,0,1,0,1,0,32114
"33",2,5,0,0,1,1,1,0,0,85209
"34",1,1,0,0,0,1,1,1,1,8002
"35",9,10,0,1,1,1,1,1,1,60631
"36",5,5,0,0,1,1,1,0,1,44281
"37",6,8,0,1,0,1,1,1,1,55113
"38",3,3,0,1,0,1,1,1,1,95124
"39",0,0,0,0,1,1,1,0,0,11353
"40",0,0,1,0,0,1,1,0,1,46226
"41",7,9,0,1,1,1,1,1,0,98532
"42",7,1,0,0,0,1,1,1,1,95120
"43",6,6,0,1,0,0,1,1,0,20854
"44",7,7,0,1,0,1,1,1,1,98087
"45",2,4,1,0,0,1,0,1,1,77099
"46",6,6,0,1,1,1,0,1,1,77077
"47",8,8,0,1,0,0,1,1,0,93313
"48",2,2,0,0,1,1,1,1,1,90024
"49",8,8,0,1,1,1,0,0,0,79925
"50",8,7,0,1,0,1,1,1,0,31406
"51",10,10,0,1,0,1,1,1,1,98275
"52",1,1,0,0,1,0,1,0,0,91016
"53",8,9,0,0,0,1,1,0,1,75201
"54",0,0,0,0,0,1,1,0,1,49339
"55",0,0,0,0,0,1,1,1,1,4101
"56",7,7,0,1,1,1,1,1,0,29464
"57",10,10,0,1,1,1,1,1,0,48840
"58",2,2,1,0,0,1,0,0,0,75181
"59",6,6,0,0,1,1,1,1,0,92129
"60",8,7,0,1,1,1,1,1,1,80215
"61",7,7,0,1,1,1,0,1,0,94107
"62",9,8,0,0,0,1,1,1,0,28645
"63",0,0,1,0,0,0,1,0,0,61554
"64",3,6,0,0,0,1,1,0,0,45040
"65",9,9,0,1,1,0,1,1,0,97214
"66",7,9,0,1,0,1,1,0,0,17774
"67",7,6,0,1,1,1,0,1,1,89143
"68",9,10,0,1,0,1,1,1,1,52245
"69",6,7,0,0,1,1,1,0,0,4841
"70",7,7,0,0,0,1,1,1,1,55431
"71",9,9,0,0,0,1,1,0,0,87059
"72",3,6,1,0,1,1,1,1,1,95366
"73",6,7,0,1,0,1,1,1,1,53704
"74",5,7,0,0,0,1,0,0,1,48235
"75",7,8,0,1,0,0,1,0,0,65804
"76",9,9,0,1,1,0,0,1,1,20164
"77",10,10,0,1,1,1,1,1,1,53703
"78",8,10,0,1,0,1,1,1,1,19422
"79",7,7,0,0,0,1,0,0,0,63114
"80",0,0,1,0,0,0,0,1,0,44667
"81",7,8,0,1,0,1,1,1,1,61820
"82",4,3,1,0,0,1,1,1,1,42001
"83",6,8,0,0,0,1,0,1,0,22003
"84",9,9,0,1,0,1,1,0,1,62095
"85",5,5,0,0,0,0,1,1,0,85281
"86",7,7,0,1,1,0,1,1,0,22408
"87",5,3,0,0,0,1,1,1,0,27265
"88",1,2,0,0,0,1,1,0,0,2806
"89",6,7,0,1,1,0,1,1,0,78015
"90",8,10,0,1,1,0,1,1,0,33401
"91",7,7,0,1,0,1,1,1,1,13088
"92",7,7,0,0,1,1,1,0,0,49068
"93",6,4,1,0,0,1,1,1,0,32806
"94",10,9,0,0,1,1,1,1,1,57702
"95",7,6,0,1,0,1,0,1,0,78240
"96",6,6,0,1,1,0,1,0,0,40503
"97",10,10,0,1,0,1,1,1,1,20147
"98",7,8,0,1,1,1,1,1,1,19103
"99",6,7,1,0,0,1,1,0,0,64131
"100",8,5,0,0,1,1,1,1,1,60657
"101",5,7,1,0,0,1,0,1,NA,91360
"102",0,1,1,0,1,1,1,0,0,27560
"103",0,0,NA,NA,0,1,1,1,1,30062
"104",10,10,0,0,1,0,0,0,0,36039
"105",1,2,0,0,0,1,1,0,1,44425
"106",7,6,0,0,0,1,1,1,1,55109
"107",7,7,0,1,0,0,1,1,1,61254
"108",5,7,0,1,1,1,1,1,0,94080
"109",9,8,0,1,0,1,0,1,0,8234
"110",10,9,0,1,1,1,1,0,1,3103
"111",1,2,1,0,0,1,1,0,0,71046
"112",0,10,1,0,1,1,1,0,1,64080
"113",10,10,0,1,1,0,1,1,1,98512
"114",8,8,0,1,0,1,1,1,1,98119
"115",3,3,1,0,0,1,1,1,0,33414
"116",2,2,1,0,0,1,1,1,1,45011
"117",7,7,0,1,0,1,1,0,0,44240
"118",2,2,1,0,0,1,1,1,1,16057
"119",7,7,0,1,0,1,1,1,1,22203
"120",6,7,0,0,1,1,0,1,0,91770
"121",6,2,1,0,0,0,1,0,0,38305
"122",7,7,1,0,1,0,1,1,0,84655
"123",5,5,NA,NA,1,0,0,1,0,89014
"124",6,6,0,1,0,1,1,1,1,7042
"125",2,2,1,0,0,1,1,1,1,45431
"126",7,7,0,1,0,1,1,1,1,98683
"127",10,10,0,1,1,1,1,1,0,91505
"128",6,7,0,1,1,1,1,1,1,38133
"129",0,0,1,0,1,1,0,1,1,19355
"130",9,9,0,1,1,1,1,1,0,87104
"131",2,3,0,0,0,1,1,0,0,89031
"132",0,0,0,0,1,1,1,0,0,33810
"133",8,8,0,1,0,1,1,1,1,13820
"134",8,8,0,1,1,1,1,1,1,44120
"135",7,7,0,1,0,1,1,1,1,22554
"136",8,8,NA,NA,1,0,1,1,0,50058
"137",0,0,0,1,0,1,1,1,1,10463
"138",9,8,0,1,1,1,1,0,0,98014
"139",10,5,0,1,1,0,0,0,0,15213
"140",8,8,0,1,1,1,1,1,1,33760
"141",6,6,0,1,1,0,0,0,0,11223
"142",0,0,1,0,1,1,1,1,0,37861
"143",0,0,0,0,0,1,0,0,1,19012
"144",5,5,0,0,0,1,0,1,1,92821
"145",10,10,0,1,1,1,1,1,1,97223
"146",0,2,0,0,1,0,1,0,0,18073
"147",10,10,0,0,0,1,1,1,1,32819
"148",10,8,0,1,1,0,1,1,0,68104
"149",1,1,1,0,0,1,1,1,0,53228
"150",1,1,NA,NA,0,0,1,0,0,83404
"151",5,5,0,1,0,1,1,1,0,43056
"152",7,10,0,0,1,0,1,0,0,70769
"153",7,8,0,1,1,0,1,0,0,98117
"154",9,8,0,0,0,0,1,0,0,85001
"155",4,6,0,1,1,0,0,1,0,89148
"156",7,6,0,1,0,1,1,1,1,50310
"157",9,9,NA,NA,0,1,0,1,0,92840
"158",0,0,1,0,1,1,0,1,0,72076
"159",6,6,0,0,0,1,0,1,0,44141
"160",10,10,0,0,1,1,1,1,1,90210
"161",1,1,0,1,0,1,0,1,1,11229
"162",9,9,0,0,0,1,0,0,0,12308
"163",2,2,NA,NA,0,1,1,1,1,14201
"164",9,9,0,1,1,1,1,1,0,55104
"165",1,1,1,0,0,1,1,0,1,74055
"166",9,9,0,1,1,1,1,1,1,48858
"167",8,8,0,1,0,1,1,1,0,46394
"168",5,7,0,0,0,1,0,1,NA,7024
"169",2,2,0,0,1,1,1,1,1,91411
"170",6,8,0,1,0,1,1,1,NA,32277
"171",9,8,NA,NA,1,1,1,0,0,91104
"172",6,6,0,1,1,1,1,1,0,22407
"173",5,5,0,1,0,1,1,1,1,64112
"174",8,8,0,1,1,0,1,0,0,76513
"175",1,3,0,0,1,0,0,1,0,88001
"176",9,9,0,1,1,1,1,1,1,29307
"177",6,6,0,0,0,1,0,1,1,75287
"178",5,5,0,1,1,1,1,0,1,19078
"179",1,2,1,0,0,1,1,1,0,56701
"180",7,6,0,1,0,1,0,1,1,92704
"181",1,1,0,0,0,0,1,0,0,92040
"182",2,1,0,0,1,1,0,0,0,2886
"183",6,6,0,1,1,1,1,0,0,33321
"184",7,7,0,1,1,1,1,1,1,90640
"185",7,7,0,0,0,0,0,1,0,78747
"186",1,1,0,0,0,1,0,1,0,23220
"187",10,10,0,0,1,1,0,1,0,2143
"188",10,10,0,1,0,1,1,1,0,42101
"189",0,0,1,0,1,0,1,0,0,38863
"190",10,10,0,0,0,1,0,1,0,73159
"191",0,0,1,0,0,0,1,1,0,15401
"192",8,8,0,1,0,1,1,1,1,38501
"193",7,7,0,1,1,1,1,1,1,60647
"194",9,10,0,1,0,1,1,1,1,63122
"195",7,8,0,0,0,1,0,1,1,11365
"196",2,3,1,0,1,1,1,0,1,65020
"197",4,4,0,1,0,1,1,1,1,68145
"198",5,1,0,0,0,0,1,0,0,1604
"199",3,4,1,0,0,1,0,0,1,90260
"200",0,1,0,0,1,1,0,1,0,96701
"201",10,10,0,1,0,1,1,1,0,43209
"202",7,7,0,1,0,1,1,1,1,29205
"203",0,0,1,0,0,1,1,1,1,48875
"204",10,10,0,1,1,1,1,1,1,87505
"205",0,0,NA,NA,1,1,0,1,0,31903
"206",5,3,0,1,1,1,1,1,0,77706
"207",10,10,0,1,0,1,0,1,1,28562
"208",1,1,1,0,1,1,1,0,0,31047
"209",7,7,NA,NA,1,0,1,0,0,16508
"210",6,7,0,1,1,0,1,1,0,60115
"211",2,2,0,0,0,1,1,1,0,2878
"212",5,6,0,0,0,1,0,0,0,37208
"213",5,8,0,1,1,0,0,1,0,92805
"214",0,0,0,1,1,1,1,0,0,76085
"215",7,9,0,1,1,0,0,1,0,34758
"216",0,0,1,0,1,1,0,1,1,66606
"217",8,8,0,1,1,1,1,0,0,97305
"218",8,9,0,1,0,1,1,1,0,27410
"219",0,0,0,0,0,1,1,0,1,77504
"220",3,3,0,0,0,1,0,0,0,94002
"221",10,10,0,1,1,1,1,1,1,90041
"222",9,9,0,1,0,0,1,0,0,98284
"223",2,2,0,0,0,1,1,1,1,52043
"224",10,10,0,1,1,1,1,1,0,15126
"225",10,10,0,0,0,0,1,0,0,61455
"226",1,2,1,0,1,1,1,0,0,21918
"227",5,5,1,0,1,1,1,0,0,48458
"228",1,0,1,0,1,1,1,0,1,54476
"229",10,10,0,1,1,1,1,1,1,28078
"230",7,7,1,0,1,1,1,1,1,85226
"231",9,9,0,1,1,0,1,0,0,22554
"232",5,1,1,0,0,1,1,1,1,30269
"233",1,1,0,0,1,1,1,0,1,33180
"234",8,7,0,0,1,1,1,0,1,1507
"235",2,2,0,1,0,1,1,1,1,21701
"236",4,6,0,0,1,0,1,1,0,32806
"237",0,0,1,0,0,0,1,0,0,72501
"238",6,6,0,0,0,1,1,0,0,47001
"239",10,10,0,1,0,1,1,1,0,38118
"240",10,10,0,1,1,1,0,1,1,10516
"241",9,10,0,1,1,0,1,1,0,44060
"242",8,9,0,0,0,0,0,0,0,34743
"243",9,10,0,1,1,0,0,1,0,55118
"244",4,4,0,0,0,0,1,0,0,99336
"245",8,7,0,1,0,0,1,0,0,5051
"246",10,10,0,1,0,1,1,0,0,28792
"247",0,0,1,0,1,0,1,0,0,85310
"248",0,1,1,0,1,0,1,0,0,34231
"249",0,1,1,0,1,1,1,0,1,48858
"250",8,8,0,0,0,1,1,1,1,28150
"251",1,1,0,1,1,1,0,1,0,74432
"252",0,0,0,1,1,1,1,1,0,32114
"253",5,6,0,0,0,1,0,1,0,94545
"254",1,1,0,1,1,1,1,0,0,25311
"255",6,7,0,1,0,1,1,1,1,48073
"256",6,5,0,1,0,1,1,1,0,8904
"257",9,9,0,1,1,1,1,0,0,45106
"258",10,10,0,0,0,1,0,1,1,90026
"259",8,8,0,0,0,1,1,1,1,11727
"260",6,6,0,0,1,1,1,1,1,28262
"261",7,7,0,0,1,0,1,1,0,28677
"262",4,4,1,0,0,1,1,0,1,95621
"263",10,10,0,1,1,1,0,1,0,30058
"264",7,7,0,1,0,1,1,1,0,48067
"265",1,1,0,0,1,1,0,0,1,91730
"266",2,3,1,0,0,1,1,1,0,1854
"267",10,10,0,1,0,0,0,1,0,64110
"268",2,2,1,0,0,1,1,1,1,45327
"269",0,0,0,0,1,1,0,0,0,93501
"270",2,3,0,0,1,1,1,1,1,19454
"271",8,9,0,0,0,1,1,1,1,30277
"272",4,6,0,0,1,1,1,0,0,76023
"273",10,10,0,1,1,1,1,1,0,64012
"274",0,0,1,0,1,1,1,0,0,34432
"275",9,8,0,0,1,1,0,1,0,80230
"276",0,0,0,1,0,1,0,1,0,91001
"277",5,5,1,0,1,1,0,1,1,30324
"278",8,5,0,1,0,1,1,0,1,1852
"279",6,6,0,0,0,1,1,1,1,32225
"280",6,6,0,0,1,0,1,1,1,37216
"281",6,6,0,0,0,0,1,1,1,49012
"282",0,1,0,0,0,1,1,1,1,32953
"283",1,1,0,0,0,0,1,0,0,60441
"284",7,7,0,0,0,1,1,0,1,68069
"285",10,10,NA,NA,0,1,1,0,0,37921
"286",4,6,0,0,0,1,1,0,0,44035
"287",10,10,0,0,1,1,1,0,0,64063
"288",1,2,0,0,0,1,1,0,0,8005
"289",1,2,1,0,0,1,1,1,1,27889
"290",10,10,0,1,1,1,1,0,0,32303
"291",2,2,NA,NA,1,1,1,0,1,45211
"292",0,1,0,0,1,1,1,1,1,60189
"293",5,7,0,0,0,1,1,0,1,18324
"294",1,2,1,0,0,1,1,0,1,70039
"295",3,1,0,1,0,1,0,1,0,91024
"296",0,0,0,0,1,1,0,1,1,99113
"297",2,3,1,0,1,1,1,0,0,68763
"298",2,2,0,1,0,0,0,0,1,48661
"299",3,3,0,1,1,1,1,1,0,54154
"300",7,7,0,1,1,0,1,1,0,37129
"301",10,10,0,1,0,0,1,1,0,91501
"302",3,4,0,1,0,1,0,1,0,80001
"303",10,10,0,1,1,1,1,1,0,23834
"304",10,10,0,0,1,1,1,1,1,2915
"305",7,7,0,1,0,1,1,1,1,22308
"306",7,7,0,1,0,1,1,1,1,21074
"307",6,6,0,1,1,1,1,1,0,52537
"308",1,2,0,0,0,1,1,0,1,28792
"309",2,2,0,1,0,1,1,0,0,7628
"310",3,2,1,0,1,0,1,0,1,78717
"311",9,10,0,0,0,0,1,1,0,78726
"312",9,9,0,0,0,1,0,1,0,91801
"313",6,6,0,1,1,1,0,1,1,32746
"314",3,4,1,0,0,1,1,0,0,40216
"315",10,10,0,1,1,1,1,0,1,72701
"316",0,0,0,0,1,0,1,0,0,60707
"317",9,10,NA,NA,0,1,1,1,NA,45424
"318",8,10,0,1,1,0,1,1,0,2144
"319",6,8,0,1,0,1,1,0,0,21853
"320",10,10,0,1,1,1,1,1,1,60640
"321",8,7,0,1,1,1,1,1,0,28801
"322",6,6,0,0,0,1,1,1,0,60616
"323",10,10,0,1,0,1,0,1,1,7002
"324",8,6,0,1,0,1,1,0,1,28806
"325",6,7,0,1,1,1,1,1,1,26505
"326",10,9,0,1,0,1,1,1,1,89179
"327",2,2,0,0,0,0,1,0,1,31419
"328",8,7,0,1,1,0,1,0,0,15137
"329",10,10,0,1,1,1,1,1,1,22206
"330",9,8,0,1,0,0,0,0,0,60660
"331",10,9,0,1,1,1,1,1,1,70454
"332",7,8,1,0,1,0,1,0,0,2601
"333",7,7,0,1,0,1,0,0,0,92832
"334",0,0,1,0,0,1,1,0,1,32778
"335",6,6,0,0,0,1,0,1,1,85041
"336",8,8,0,1,0,0,1,1,0,30067
"337",3,2,0,1,1,0,1,1,0,63123
"338",7,8,0,1,0,0,1,0,0,80033
"339",0,0,0,0,0,1,1,1,1,13036
"340",0,0,1,0,1,1,1,0,1,26431
"341",8,7,NA,NA,1,1,0,1,1,33131
"342",10,9,0,1,1,1,0,1,1,11378
"343",10,10,0,1,0,1,1,0,0,49087
"344",5,4,0,1,1,1,1,0,0,65536
"345",5,5,0,1,1,1,1,0,0,22407
"346",8,8,0,1,1,1,1,1,0,42071
"347",5,7,1,0,1,1,1,1,0,36609
"348",7,7,0,1,0,1,0,1,1,65810
"349",7,7,0,0,0,1,0,1,1,11358
"350",0,0,1,0,1,1,1,1,1,17603
"351",1,1,1,0,1,1,1,1,0,98387
"352",6,6,NA,NA,1,1,1,1,0,82718
"353",9,9,0,1,1,0,1,0,0,44035
"354",1,1,0,0,1,1,1,0,0,72450
"355",9,10,0,1,1,1,1,1,0,14624
"356",1,7,0,0,0,1,1,1,0,2905
"357",0,0,1,0,1,0,1,0,1,68503
"358",7,9,0,1,1,1,0,1,1,27107
"359",0,0,1,0,1,1,1,1,0,49783
"360",10,10,0,1,0,1,1,1,NA,59801
"361",8,9,0,1,0,1,0,1,1,92336
"362",8,7,0,1,1,1,0,0,1,91803
"363",0,0,1,0,0,0,1,1,0,48312
"364",0,2,0,0,0,0,1,1,0,25267
"365",8,8,NA,NA,0,1,1,1,1,93505
"366",6,4,0,1,1,1,1,0,1,2138
"367",9,9,0,1,1,1,1,1,0,97330
"368",5,5,0,0,1,1,0,0,0,11220
"369",10,8,0,1,0,1,1,1,0,44721
"370",3,4,0,1,0,1,1,1,1,14221
"371",8,8,0,1,0,1,1,1,0,97232
"372",1,1,1,0,1,1,1,1,1,70726
"373",4,6,0,0,1,0,0,0,0,27526
"374",3,3,NA,NA,0,0,0,0,0,34974
"375",0,0,1,0,0,1,0,0,0,94521
"376",7,9,0,1,0,1,1,1,1,46321
"377",6,5,0,1,1,1,0,0,0,40324
"378",3,5,0,1,0,1,0,1,1,78229
"379",6,6,0,0,0,1,1,1,1,53719
"380",9,9,0,1,0,1,1,0,0,95219
"381",4,5,0,0,0,1,1,1,1,60640
"382",10,10,0,1,0,0,1,1,1,15232
"383",4,3,1,0,1,1,1,1,0,63367
"384",7,8,0,0,0,0,1,0,0,93308
"385",6,6,1,0,0,1,0,1,1,98006
"386",4,6,0,0,0,1,1,1,1,19803
"387",5,5,0,1,1,1,1,1,0,91321
"388",2,2,0,0,0,1,1,1,NA,79936
"389",10,10,0,0,0,1,1,0,1,73064
"390",4,10,NA,NA,1,0,1,0,0,13041
"391",8,8,0,1,1,1,1,1,0,42066
"392",2,3,0,1,1,1,1,0,0,25813
"393",2,4,0,0,0,0,1,0,0,8081
"394",9,10,0,1,1,1,1,1,1,10019
"395",5,5,0,0,0,0,0,1,0,93033
"396",5,5,1,0,1,0,1,0,1,80427
"397",1,2,1,0,0,1,1,1,1,7462
"398",6,8,0,0,0,1,0,1,0,91914
"399",9,8,0,0,1,1,1,0,1,28207
"400",7,7,0,0,0,1,1,0,0,85552
"401",5,7,0,1,1,1,0,0,1,92879
"402",8,10,0,0,1,1,0,1,0,89101
"403",10,10,0,1,0,1,1,0,0,8533
"404",1,1,1,0,0,1,1,1,1,53149
"405",0,0,1,0,1,1,1,0,1,69214
"406",7,7,0,0,1,0,0,1,0,32807
"407",6,7,0,0,1,1,1,1,0,6460
"408",3,3,0,0,0,0,1,1,0,64118
"409",6,5,1,0,0,1,1,1,1,38340
"410",0,0,1,0,0,1,1,0,1,27262
"411",6,6,1,0,0,1,1,1,1,82001
"412",0,1,1,0,0,1,1,1,1,60089
"413",6,7,0,1,0,1,0,1,1,33027
"414",10,9,0,1,0,1,0,0,0,33615
"415",0,0,0,0,0,1,0,0,1,98801
"416",1,2,1,0,1,1,0,0,0,37683
"417",5,5,0,0,0,1,1,0,1,19539
"418",0,0,NA,NA,1,1,1,1,1,30022
"419",10,10,0,0,1,1,0,1,1,30307
"420",9,9,0,1,0,1,1,1,1,33701
"421",0,0,1,0,1,1,1,1,0,89128
"422",0,6,0,1,1,0,1,0,0,11214
"423",7,8,0,1,1,0,1,0,1,93041
"424",4,3,0,0,0,0,1,0,0,83440
"425",6,7,0,1,0,1,1,1,1,55432
"426",5,5,0,0,1,1,0,1,0,75287
"427",0,0,1,0,0,1,1,1,1,14303
"428",9,9,0,1,0,1,0,0,0,68779
"429",8,9,0,1,0,1,1,1,1,62220
"430",10,9,0,0,0,1,1,0,1,98116
"431",0,0,1,0,1,1,1,1,0,10036
"432",0,0,1,0,1,1,1,0,1,90249
"433",2,5,1,0,0,1,1,1,1,85044
"434",8,9,0,1,1,1,1,0,0,72734
"435",10,9,0,1,0,0,1,1,0,91367
"436",5,5,0,0,0,1,1,0,0,32082
"437",0,1,1,0,0,1,1,1,1,54311
"438",0,3,0,0,1,0,1,1,1,33558
"439",5,5,0,0,1,1,0,1,0,30157
"440",1,1,0,0,0,0,1,0,0,89104
"441",8,8,0,0,0,1,1,0,0,60073
"442",6,8,0,1,0,1,0,1,0,95125
"443",0,0,1,0,0,1,1,1,0,2818
"444",10,10,0,0,0,1,1,1,1,98107
"445",7,7,0,0,0,1,1,0,0,98248
"446",5,7,0,0,0,1,1,0,0,76201
"447",0,1,1,0,1,0,1,0,0,36330
"448",10,10,0,0,0,1,1,1,0,22315
"449",10,10,NA,NA,0,1,1,0,0,92071
"450",0,3,0,0,0,1,0,0,1,1129
"451",3,4,1,0,0,1,1,0,0,45255
"452",4,6,0,0,0,1,1,1,0,7601
"453",1,1,0,0,0,1,1,1,1,10312
"454",3,3,0,1,1,1,1,1,1,7035
"455",2,3,1,0,0,1,1,1,1,75039
"456",10,10,0,0,0,1,1,1,1,20002
"457",8,7,0,1,1,0,1,0,1,53140
"458",2,3,0,1,1,1,1,0,0,46825
"459",9,8,0,0,0,1,1,0,0,33584
"460",5,4,0,0,0,0,1,0,0,94510
"461",5,5,0,0,1,1,1,0,1,27239
"462",10,10,0,1,1,0,1,1,0,78415
"463",3,4,1,0,0,1,1,1,0,53120
"464",3,3,0,1,1,1,1,1,0,2532
"465",0,0,1,0,1,1,1,0,1,76704
"466",4,4,1,0,1,0,1,0,0,47906
"467",0,1,0,0,1,1,1,1,1,80014
"468",10,10,0,1,1,0,1,1,0,19087
"469",7,7,0,0,0,1,1,1,1,6812
"470",6,6,0,0,1,1,0,1,1,65401
"471",5,5,0,1,0,1,0,0,0,28376
"472",3,10,0,1,1,1,1,1,0,27410
"473",5,5,0,0,0,1,1,1,1,45011
"474",10,10,0,1,1,1,1,1,1,19122
"475",0,0,1,0,0,1,1,0,0,42420
"476",2,3,1,0,0,1,1,1,1,8701
"477",10,10,0,1,0,1,1,1,1,78704
"478",1,2,1,0,0,1,1,1,1,30318
"479",3,3,0,0,0,1,1,0,1,37924
"480",7,7,0,0,1,1,1,1,0,90029
"481",5,3,0,0,0,0,1,1,1,44114
"482",0,1,1,0,1,1,1,1,1,30327
"483",0,1,NA,NA,1,1,0,1,1,90049
"484",8,9,0,1,0,0,0,0,0,97005
"485",8,9,0,1,0,1,1,1,0,62864
"486",6,6,0,1,0,1,0,1,1,19131
"487",0,0,1,0,0,1,1,1,1,81004
"488",6,8,0,1,0,1,1,0,1,40272
"489",8,4,1,0,0,1,1,0,0,11691
"490",8,8,0,1,0,1,1,0,1,48708
"491",2,3,NA,NA,1,0,1,0,0,25515
"492",7,10,0,0,1,1,1,0,0,45227
"493",4,4,0,0,1,0,1,0,0,92504
"494",3,4,0,0,1,1,1,0,0,4417
"495",10,10,NA,NA,0,0,1,1,0,64485
"496",10,10,0,1,0,1,1,1,0,14260
"497",0,0,1,0,0,1,1,1,0,33950
"498",10,10,0,1,0,1,1,0,1,10021
"499",8,8,0,1,0,1,1,1,1,2382
"500",7,7,0,1,1,1,1,1,0,91505
"501",7,7,1,0,1,1,1,1,0,11967
"502",10,10,0,1,1,0,1,1,0,40380
"503",2,3,0,0,0,1,1,1,0,68128
"504",5,6,0,1,1,1,1,0,0,77840
"505",2,3,1,0,1,0,1,1,0,24015
"506",10,10,0,0,0,1,1,1,0,80309
"507",0,1,0,0,1,1,1,1,1,37040
"508",6,5,1,0,1,1,0,1,1,78414
"509",5,6,0,0,0,1,1,1,1,55110
"510",2,2,0,1,0,1,1,0,0,37617
"511",10,10,0,1,0,1,1,1,1,98155
"512",9,9,0,0,1,1,1,1,0,13501
"513",6,7,0,1,0,1,1,0,0,92101
"514",3,3,1,0,0,1,1,1,1,97146
"515",1,0,1,0,0,1,1,1,1,37040
"516",10,10,0,0,1,1,1,1,0,65807
"517",0,0,0,1,1,1,1,0,1,42420
"518",10,10,0,1,0,1,1,1,1,33496
"519",0,0,1,0,1,1,1,0,0,33803
"520",4,4,0,0,0,1,1,0,1,11757
"521",10,8,0,1,1,1,1,1,0,98408
"522",8,8,0,1,1,0,1,1,0,63125
"523",2,2,0,0,0,1,1,1,1,19422
"524",2,2,0,0,0,1,1,1,0,13350
"525",1,1,1,0,1,0,1,0,1,8640
"526",9,9,0,0,1,1,1,0,1,3103
"527",10,10,0,1,0,0,1,1,0,98683
"528",0,0,NA,NA,0,0,0,1,0,60608
"529",2,2,1,0,0,1,1,1,1,66047
"530",5,4,1,0,1,0,1,0,0,42021
"531",1,1,0,0,1,1,1,0,1,48183
"532",9,8,0,1,1,1,1,0,0,29621
"533",1,3,1,0,1,1,0,1,0,85335
"534",10,10,0,1,1,1,1,1,0,19526
"535",8,9,0,1,1,0,0,0,1,98038
"536",9,9,0,1,0,1,1,1,0,48178
"537",10,10,0,1,1,1,1,1,1,60050
"538",7,7,1,0,0,1,1,1,0,37415
"539",1,0,1,0,0,1,1,1,1,12188
"540",4,6,0,0,0,1,1,1,1,75034
"541",4,4,0,0,0,0,1,0,1,52403
"542",4,4,0,0,0,1,0,0,0,75104
"543",9,9,0,1,1,1,1,0,1,84102
"544",3,3,0,1,1,1,0,1,0,91411
"545",9,9,0,1,0,1,1,1,1,22201
"546",9,9,0,1,1,0,0,1,0,92868
"547",6,6,0,1,1,1,1,1,1,96815
"548",3,2,1,0,1,0,1,0,1,7843
"549",0,0,1,0,0,1,1,0,0,93304
"550",8,8,0,1,1,0,1,1,0,20878
"551",2,1,1,0,0,1,1,1,1,40245
"552",3,3,0,0,0,1,1,0,0,83101
"553",0,0,1,0,1,1,1,1,1,47610
"554",5,5,0,0,1,1,1,1,1,7756
"555",7,8,0,1,0,1,1,1,0,24280
"556",5,6,0,1,0,1,0,1,0,36701
"557",10,9,0,1,1,1,1,1,0,31601
"558",10,10,0,1,0,1,1,1,0,49501
"559",7,7,0,1,0,0,1,0,0,98002
"560",3,2,1,0,1,0,1,1,1,48176
"561",6,8,0,1,1,0,1,1,1,94117
"562",0,0,0,1,0,1,0,1,1,38863
"563",5,7,0,0,0,1,0,0,0,33145
"564",8,7,0,1,1,0,1,1,0,94086
"565",9,9,0,0,0,1,1,1,1,59718
"566",7,7,0,1,0,1,1,1,0,22980
"567",4,4,0,0,0,1,0,1,1,98037
"568",0,0,0,1,0,1,1,0,1,20111
"569",7,8,0,1,0,1,0,0,0,7109
"570",1,2,NA,NA,1,1,1,1,0,13069
"571",1,1,1,0,1,1,1,1,1,60618
"572",6,6,1,0,1,1,0,1,1,30080
"573",7,7,0,1,1,0,0,0,0,77520
"574",6,6,0,0,1,1,1,1,1,44139
"575",3,3,1,0,1,1,1,0,0,37660
"576",10,10,0,1,1,1,1,0,0,78758
"577",6,6,0,0,0,1,0,1,1,11214
"578",8,9,0,0,0,1,1,0,1,76112
"579",9,9,0,0,0,1,1,0,0,75156
"580",7,8,NA,NA,0,0,1,0,0,57350
"581",10,10,0,1,1,1,1,1,1,20011
"582",4,7,0,1,0,0,0,0,0,39564
"583",7,7,0,1,0,1,1,0,1,78681
"584",0,1,1,0,1,1,1,0,0,46239
"585",4,4,NA,NA,0,0,1,0,NA,74136
"586",5,5,0,1,1,0,0,0,0,75231
"587",10,10,0,0,1,1,1,0,1,36606
"588",8,8,0,0,1,1,1,1,0,13601
"589",2,2,0,0,0,1,1,1,1,63049
"590",6,4,0,1,1,1,0,0,0,84745
"591",0,0,1,0,0,1,1,1,1,80111
"592",9,9,0,1,0,1,1,0,0,4294
"593",9,10,0,1,1,1,0,1,1,20015
"594",5,5,NA,NA,1,1,1,0,0,63139
"595",2,3,1,0,0,1,1,1,1,2906
"596",4,4,1,0,1,1,1,0,0,2062
"597",3,4,1,0,1,0,1,0,1,92692
"598",8,9,0,1,1,1,1,0,1,48178
"599",10,10,0,1,1,0,1,0,1,57701
"600",8,9,1,0,0,1,1,1,1,55430
"601",9,5,0,1,0,1,1,0,1,98117
"602",9,9,0,1,1,1,1,0,0,8008
"603",5,6,0,0,1,1,1,0,1,12601
"604",10,10,0,1,1,1,1,0,1,98026
"605",10,10,0,1,1,1,0,1,0,90026
"606",7,7,0,0,0,0,1,0,0,80501
"607",1,2,NA,NA,1,0,1,0,1,53805
"608",8,8,0,1,1,1,1,1,1,14850
"609",0,2,0,0,1,1,1,0,1,49247
"610",9,9,0,1,0,1,1,1,1,23114
"611",7,6,0,1,1,0,1,1,0,20752
"612",0,0,1,0,0,1,1,0,0,30755
"613",10,10,0,1,0,1,1,0,0,23238
"614",8,8,0,1,1,1,1,1,1,53583
"615",8,8,0,1,0,0,1,0,0,74403
"616",0,0,0,0,0,1,1,1,1,46061
"617",7,7,0,1,0,1,1,0,0,44601
"618",6,7,0,1,1,0,1,0,0,61008
"619",9,9,0,1,1,0,1,0,0,47715
"620",0,0,1,0,0,1,1,0,0,35613
"621",0,0,1,0,0,1,0,1,1,90262
"622",0,0,0,0,1,1,1,1,1,75007
"623",8,9,0,1,1,0,0,0,0,14615
"624",10,10,0,1,0,1,1,1,0,11238
"625",8,9,0,1,1,1,1,0,0,97401
"626",9,9,0,0,0,1,1,0,0,2155
"627",2,2,1,0,0,1,1,1,1,8872
"628",6,6,0,1,0,1,1,1,1,61704
"629",5,6,0,0,1,1,1,0,0,31525
"630",1,2,1,0,1,1,1,1,0,30005
"631",9,9,0,1,1,1,1,1,1,70115
"632",9,9,0,1,0,1,1,1,0,72073
"633",4,5,0,1,0,1,1,1,0,8077
"634",0,2,1,0,1,0,1,1,1,41005
"635",2,3,0,1,0,1,1,1,0,87102
"636",1,1,0,0,0,0,0,1,0,33176
"637",7,7,0,1,1,1,1,1,0,21012
"638",3,7,0,1,0,1,1,1,1,89183
"639",0,5,1,0,0,0,1,1,1,15317
"640",10,10,0,1,1,1,1,1,0,33067
"641",0,0,1,0,0,1,1,0,0,57106
"642",10,10,0,0,1,1,1,0,0,44404
"643",3,2,1,0,1,1,1,0,0,43205
"644",6,7,1,0,0,1,1,1,1,88124
"645",10,10,0,1,1,1,1,1,0,14224
"646",3,3,1,0,1,1,1,1,1,25387
"647",2,2,0,1,1,1,1,1,1,21793
"648",9,9,NA,NA,1,0,0,1,0,11040
"649",7,7,0,1,1,1,0,1,1,90027
"650",2,3,0,0,1,1,1,1,1,23462
"651",0,0,1,0,1,1,1,1,NA,92024
"652",9,9,0,1,1,0,1,0,0,97420
"653",6,6,0,1,1,1,1,1,0,20121
"654",3,3,0,1,0,1,1,0,0,41240
"655",8,8,0,1,1,0,1,1,1,46825
"656",8,8,0,1,0,0,1,0,0,7866
"657",6,6,0,1,1,1,1,1,0,22903
"658",2,2,1,0,1,0,1,1,1,84106
"659",9,9,0,1,0,0,1,0,0,33406
"660",10,10,0,0,1,1,0,0,0,71270
"661",10,10,0,1,0,1,1,1,1,15066
"662",0,0,1,0,0,1,1,1,1,30062
"663",7,8,0,0,0,1,1,1,1,30076
"664",0,1,0,1,1,0,1,0,0,32465
"665",0,3,1,0,1,1,1,0,1,39466
"666",10,10,0,0,0,1,1,0,0,4289
"667",0,0,1,0,1,1,1,0,1,89508
"668",5,7,0,1,0,1,1,0,0,66219
"669",8,9,0,1,0,1,0,1,0,78413
"670",6,6,0,1,1,1,0,1,1,60459
"671",6,7,0,1,0,0,1,1,0,2804
"672",8,9,0,1,0,0,1,0,1,12508
"673",0,1,0,0,0,0,1,1,1,33603
"674",10,8,0,1,1,0,1,0,1,17702
"675",0,2,0,1,0,1,1,1,1,92056
"676",3,3,1,0,0,1,1,0,1,15425
"677",9,9,0,0,1,1,1,1,0,2338
"678",7,6,1,0,0,1,1,1,1,28540
"679",3,4,0,0,0,1,0,1,1,6101
"680",8,8,0,1,1,1,1,1,1,33702
"681",10,10,0,1,1,1,1,0,0,98057
"682",5,5,0,1,1,1,1,1,1,15650
"683",1,1,1,0,1,1,1,1,0,19808
"684",5,6,0,1,1,1,1,1,0,55104
"685",4,4,0,1,0,1,1,0,0,54017
"686",5,10,0,0,1,1,0,1,1,92101
"687",5,5,0,0,0,0,1,0,0,97423
"688",10,10,0,1,0,1,1,1,1,20008
"689",8,8,NA,NA,0,0,1,0,0,67218
"690",1,1,0,1,1,1,0,1,0,33023
"691",7,6,1,0,0,1,1,0,0,99502
"692",5,5,0,0,1,1,1,0,0,2885
"693",0,0,1,0,0,1,1,1,1,63601
"694",0,2,NA,NA,1,0,1,0,0,33811
"695",6,7,0,1,1,0,1,0,0,47274
"696",7,8,NA,NA,1,1,1,1,1,29651
"697",3,3,1,0,1,1,1,1,0,15239
"698",6,6,0,1,0,1,1,1,1,23666
"699",4,3,1,0,0,0,1,0,1,30306
"700",8,8,0,0,1,1,1,1,0,33312
"701",4,4,0,0,0,1,1,1,1,19040
"702",8,9,0,1,1,1,1,1,0,49242
"703",9,9,0,1,1,1,1,1,0,12518
"704",3,4,0,0,0,1,1,1,1,85750
"705",10,10,0,1,1,1,1,1,0,19125
"706",10,10,0,1,1,1,1,1,0,60609
"707",7,4,1,0,0,1,1,1,1,43229
"708",10,10,0,1,1,0,1,1,0,19040
"709",7,8,0,0,1,1,1,0,0,15120
"710",7,6,0,1,0,0,1,0,0,26003
"711",8,8,1,0,0,1,0,0,0,19082
"712",2,4,0,1,0,1,1,1,1,7869
"713",0,0,1,0,0,0,1,0,0,54891
"714",7,7,0,1,0,1,0,0,0,76014
"715",0,0,0,0,0,1,1,1,1,32806
"716",5,5,0,1,0,1,0,1,1,46205
"717",5,7,NA,NA,0,0,0,0,0,37601
"718",0,0,1,0,1,1,1,0,1,75052
"719",2,2,0,0,0,1,0,1,0,28210
"720",5,5,0,1,1,1,1,1,0,28203
"721",6,6,0,1,0,1,1,0,1,60477
"722",8,8,0,1,1,0,0,1,0,99216
"723",8,8,0,1,1,0,1,0,0,90240
"724",3,7,0,1,0,1,1,0,0,92252
"725",1,2,1,0,1,1,1,1,1,63755
"726",7,7,0,0,1,1,1,0,0,47917
"727",10,10,0,1,0,1,1,1,1,53703
"728",0,0,1,0,1,1,1,1,1,70058
"729",4,7,0,0,0,1,0,1,1,11234
"730",0,0,0,0,1,0,0,1,0,94555
"731",5,6,0,1,1,1,0,1,1,27401
"732",0,0,1,0,0,1,0,1,1,70785
"733",10,10,0,1,1,1,1,0,0,95355
"734",0,0,1,0,1,1,0,1,0,92111
"735",8,8,0,0,0,1,0,0,0,89512
"736",6,6,0,0,0,1,0,0,1,60177
"737",2,3,0,1,1,1,1,1,1,85233
"738",8,8,0,1,1,1,1,1,1,48104
"739",10,10,0,1,0,1,1,0,0,38122
"740",9,9,0,1,1,0,1,1,0,76544
"741",0,0,1,0,1,0,1,0,0,39560
"742",10,10,0,1,0,0,1,1,0,85715
"743",0,0,1,0,1,0,1,0,0,65807
"744",7,7,0,0,1,1,1,1,1,8742
"745",2,0,0,1,1,1,0,0,NA,44123
"746",8,10,0,0,1,1,1,1,1,75251
"747",4,6,0,1,0,1,0,1,0,10009
"748",5,5,0,0,0,0,1,0,0,34997
"749",5,5,0,0,1,1,1,1,1,55391
"750",1,1,1,0,1,1,1,0,1,15102
"751",1,2,1,0,1,0,1,0,0,91106
"752",8,9,0,1,1,1,1,1,0,29307
"753",9,9,1,0,1,1,1,1,1,2780
"754",10,8,0,1,0,0,1,0,0,63010
"755",10,10,0,1,0,1,1,1,1,99027
"756",8,9,0,0,1,0,1,1,0,98022
"757",9,9,0,1,0,1,1,1,0,77062
"758",4,4,0,1,1,1,0,0,0,23225
"759",0,0,1,0,0,1,1,0,0,64843
"760",0,0,0,0,0,0,1,1,1,82072
"761",5,5,1,0,0,1,1,1,1,2134
"762",1,2,1,0,1,0,1,1,1,77584
"763",3,4,1,0,0,1,1,1,0,61107
"764",0,0,0,0,0,0,1,0,0,78154
"765",2,5,NA,NA,1,1,1,1,1,27317
"766",7,7,0,1,1,1,1,0,0,92805
"767",2,3,1,0,0,1,1,1,1,89113
"768",7,7,0,0,0,0,1,0,0,97225
"769",6,6,1,0,0,1,1,0,1,55356
"770",6,6,1,0,1,0,1,0,NA,95125
"771",8,8,0,1,1,1,1,0,0,98372
"772",5,5,1,0,1,1,1,1,1,45840
"773",0,0,0,0,1,1,1,1,0,2171
"774",0,1,0,0,0,1,1,0,1,33428
"775",1,2,1,0,1,1,1,0,1,16001
"776",8,9,0,0,1,1,1,0,0,46320
"777",1,0,1,0,1,1,1,1,1,49242
"778",5,6,0,0,1,1,1,0,1,2189
"779",3,3,0,0,1,1,1,0,0,33020
"780",9,9,0,1,1,0,1,0,1,92255
"781",3,3,0,0,0,1,1,0,0,5403
"782",0,1,1,0,0,1,1,1,1,27265
"783",0,0,1,0,1,0,1,0,1,49405
"784",0,1,1,0,1,0,1,0,0,48021
"785",8,8,0,1,0,1,1,1,1,95351
"786",1,1,1,0,1,1,1,1,1,85641
"787",4,6,0,0,0,1,1,1,1,44420
"788",0,0,1,0,1,1,1,1,1,60435
"789",1,1,0,1,0,0,0,0,0,39194
"790",4,6,0,1,1,1,1,1,0,48312
"791",0,0,0,0,1,1,1,0,0,70764
"792",0,1,1,0,1,1,1,1,1,70802
"793",4,3,0,1,1,0,0,1,0,90025
"794",0,0,1,0,1,1,1,0,1,7860
"795",6,6,0,1,1,1,1,1,1,49423
"796",10,10,NA,NA,1,1,1,0,0,80010
"797",0,0,0,0,0,1,1,1,0,80260
"798",2,0,0,0,0,1,1,0,0,65807
"799",5,4,0,0,0,0,1,1,0,78750
"800",7,7,0,1,1,1,1,1,NA,95834
"801",3,3,0,0,0,1,1,0,1,15057
"802",5,6,0,1,0,1,1,0,1,64082
"803",0,0,NA,NA,0,1,1,0,1,64118
"804",4,4,1,0,1,0,1,1,1,75075
"805",7,9,0,0,0,0,1,1,0,31410
"806",6,9,0,0,0,1,0,1,1,95148
"807",7,6,0,1,1,1,1,1,1,2558
"808",7,7,0,0,0,1,1,0,1,88012
"809",0,0,0,1,1,1,1,1,1,30318
"810",10,10,0,1,1,0,1,0,0,93560
"811",2,2,0,0,1,1,1,1,1,35405
"812",1,8,0,1,0,1,1,0,0,60185
"813",2,3,0,1,0,1,0,1,0,73301
"814",10,10,0,1,1,1,1,1,1,15228
"815",4,6,0,0,0,1,1,1,1,98312
"816",5,5,NA,NA,1,1,0,0,0,27707
"817",0,1,1,0,1,0,1,1,0,93117
"818",10,10,0,1,0,1,0,1,1,33313
"819",7,7,0,1,1,1,1,1,1,28787
"820",0,0,1,0,1,0,1,0,1,14424
"821",10,10,0,0,1,1,1,0,0,61727
"822",5,5,0,1,1,1,1,0,1,91941
"823",6,7,0,1,1,1,1,0,0,25901
"824",8,8,0,1,0,1,1,1,1,48858
"825",10,10,0,1,1,0,1,0,1,21733
"826",5,5,1,0,1,1,1,1,0,30322
"827",7,5,0,0,0,0,1,0,0,51442
"828",2,4,0,0,0,1,1,0,0,77650
"829",9,9,0,0,0,0,0,1,1,11109
"830",3,5,0,1,1,1,1,1,0,32444
"831",9,9,1,0,1,1,1,0,1,29727
"832",9,9,0,1,1,1,1,0,0,74820
"833",6,8,0,1,0,1,0,0,0,22079
"834",7,7,0,1,0,1,1,1,1,19021
"835",1,2,1,0,1,1,1,0,0,32907
"836",7,8,0,1,0,0,1,0,0,95918
"837",10,10,0,1,0,0,1,1,0,17033
"838",5,6,0,1,0,1,0,1,0,60107
"839",6,6,0,0,1,1,1,1,0,43062
"840",7,7,0,0,0,1,1,1,1,90004
"841",9,9,0,1,1,0,1,1,0,49622
"842",7,6,0,1,1,0,1,1,0,45231
"843",9,9,0,1,0,1,1,0,0,68601
"844",1,1,0,1,0,1,1,0,0,13212
"845",8,10,0,0,0,1,0,0,0,75038
"846",2,2,1,0,1,0,1,0,1,80219
"847",7,7,0,1,1,1,1,1,0,71105
"848",7,7,0,1,0,1,1,0,0,7054
"849",8,8,0,1,0,1,1,0,0,95060
"850",7,7,0,0,1,1,1,0,0,94107
"851",0,0,NA,NA,0,1,0,0,0,75154
"852",8,8,0,0,1,1,1,0,0,5446
"853",8,8,0,1,1,1,0,1,1,28277
"854",2,3,1,0,0,1,1,1,0,30339
"855",9,9,0,1,0,1,1,1,0,25301
"856",5,5,0,1,1,1,0,0,0,77033
"857",4,5,0,1,0,1,0,1,1,78539
"858",9,9,0,0,1,1,1,0,0,18704
"859",5,5,0,0,1,1,1,1,1,11746
"860",0,2,1,0,0,1,1,1,1,27604
"861",9,9,1,0,0,0,1,0,0,92691
"862",2,2,0,0,0,1,1,0,1,32828
"863",3,3,NA,NA,1,1,0,1,1,33567
"864",6,6,0,0,1,1,1,1,1,14224
"865",8,8,0,1,0,1,1,1,0,15219
"866",0,0,0,0,1,1,1,0,0,87123
"867",1,0,1,0,1,1,1,0,0,41017
"868",8,6,1,0,1,1,0,1,1,10007
"869",0,1,0,0,1,1,1,0,0,47562
"870",10,10,0,1,1,1,0,1,0,11215
"871",8,8,1,0,0,1,0,0,0,34741
"872",4,6,1,0,1,1,1,0,1,83647
"873",6,6,0,1,0,1,1,1,1,27410
"874",8,8,0,1,0,1,0,1,0,60411
"875",0,0,NA,NA,1,1,0,1,1,74129
"876",0,0,1,0,0,1,1,1,0,29445
"877",3,3,0,0,1,1,1,0,0,64093
"878",2,2,0,0,0,0,1,0,0,6042
"879",5,5,0,1,1,1,1,0,0,27572
"880",2,3,1,0,1,1,1,0,1,53130
"881",8,7,0,1,1,1,1,0,0,48911
"882",9,9,0,1,1,1,0,1,1,93004
"883",2,3,0,0,0,1,1,1,1,91360
"884",8,8,0,0,0,1,1,0,0,60656
"885",2,10,0,1,1,1,0,1,1,39046
"886",10,10,0,1,1,1,1,0,0,6010
"887",7,7,0,0,1,1,1,1,0,20740
"888",0,0,1,0,1,1,1,1,1,27370
"889",5,7,0,1,1,1,1,0,1,37042
"890",7,7,0,0,0,1,1,0,0,32114
"891",8,8,0,1,0,1,1,1,0,50616
"892",8,8,0,1,1,1,1,1,1,63126
"893",7,6,0,1,0,0,0,0,0,42240
"894",10,10,0,1,1,1,1,0,1,21113
"895",8,7,0,1,1,0,1,0,0,49507
"896",2,2,0,0,1,0,1,0,0,27889
"897",3,2,0,1,0,1,1,1,1,32608
"898",3,3,0,1,1,1,1,0,1,85737
"899",10,10,0,1,0,1,1,1,0,52314
"900",10,9,0,1,1,1,1,1,0,92692
"901",7,7,0,1,0,1,1,1,1,28173
"902",1,1,0,0,0,1,1,1,0,47960
"903",7,9,0,0,1,1,0,1,0,97080
"904",7,7,0,0,1,0,1,1,0,13148
"905",8,9,0,1,1,0,1,1,1,6851
"906",5,6,1,0,1,0,1,0,0,37701
"907",2,2,0,1,0,1,1,1,1,55901
"908",8,10,0,0,0,1,0,1,0,97217
"909",8,8,0,1,0,1,1,1,1,11727
"910",7,7,0,1,1,0,0,1,0,98337
"911",7,7,0,1,0,0,1,0,0,50401
"912",8,8,0,0,1,1,0,1,1,92124
"913",0,1,0,0,1,1,0,0,1,75462
"914",0,0,1,0,0,1,1,0,1,74133
"915",6,7,0,0,0,1,0,1,1,23702
"916",7,7,0,1,1,1,1,1,0,60181
"917",5,8,0,1,0,1,1,1,1,33606
"918",5,7,0,1,0,0,1,0,0,45750
"919",2,2,0,1,1,1,1,0,0,55432
"920",2,2,0,0,1,1,1,1,0,46615
"921",10,10,NA,NA,0,1,1,1,0,6101
"922",7,8,0,1,1,0,1,0,0,63362
"923",1,1,1,0,0,1,1,1,1,60177
"924",10,10,0,1,1,1,1,0,0,60942
"925",6,6,0,1,1,1,1,0,1,60611
"926",0,0,0,1,0,1,0,1,1,11729
"927",2,2,0,0,0,1,1,0,0,44052
"928",8,8,0,1,1,1,1,1,1,2720
"929",3,5,0,0,0,1,1,0,1,71201
"930",9,9,0,1,1,1,0,1,0,90024
"931",0,0,0,0,0,1,0,0,0,11203
"932",0,1,1,0,0,0,1,0,0,60073
"933",1,2,0,0,0,1,1,0,0,32465
"934",0,1,0,0,0,0,1,1,1,76116
"935",0,0,0,0,0,1,1,0,1,78108
"936",0,0,1,0,1,1,1,0,0,14420
"937",1,4,0,0,0,1,1,0,0,98626
"938",10,10,0,1,0,1,1,0,0,72501
"939",8,10,0,0,0,1,1,1,1,96797
"940",3,5,0,1,0,1,1,1,1,43015
"941",10,10,0,0,1,1,1,0,1,94949
"942",10,10,0,1,1,1,1,1,1,93711
"943",8,8,0,1,0,1,1,0,0,95660
"944",7,7,0,1,1,1,0,0,0,79936
"945",10,10,0,1,1,1,0,1,0,91335
"946",9,9,0,1,1,1,1,0,0,83687
"947",0,1,1,0,1,1,1,0,0,60466
"948",6,6,0,1,0,1,1,1,0,56001
"949",10,10,0,1,1,0,0,1,0,94102
"950",10,9,0,1,0,0,1,0,0,55426
"951",10,10,0,1,1,0,1,1,0,27265
"952",9,9,0,0,0,1,1,1,1,2140
"953",4,2,0,1,1,1,0,0,0,91367
"954",8,10,0,0,0,0,1,0,0,18901
"955",1,1,NA,NA,0,1,1,1,0,32304
"956",8,8,0,1,0,1,1,1,1,7060
"957",4,5,0,1,1,1,1,1,1,45036
"958",3,4,1,0,1,1,1,1,1,64146
"959",2,3,1,0,1,1,1,1,0,77546
"960",8,8,0,0,0,1,1,0,0,28714
"961",10,10,0,1,1,1,1,0,0,79101
"962",10,10,0,0,1,1,1,0,1,70809
"963",6,7,1,0,0,1,0,1,1,60639
"964",4,4,0,0,1,0,1,0,0,33596
"965",7,7,0,0,0,0,1,1,0,97201
"966",10,10,0,1,1,0,0,0,0,90631
"967",5,5,NA,NA,1,1,1,1,1,19425
"968",9,9,0,1,1,1,0,1,1,75209
"969",7,7,NA,NA,0,0,1,0,1,30165
"970",7,7,0,0,1,1,1,1,0,49036
"971",7,7,0,1,0,1,1,0,0,46710
"972",2,3,1,0,1,0,1,0,1,28532
"973",2,1,0,0,0,1,1,0,0,23231
"974",4,5,1,0,1,1,1,1,1,53151
"975",10,10,0,0,0,1,1,0,1,21224
"976",6,5,1,0,0,1,0,0,0,91335
"977",0,0,1,0,0,1,0,0,1,60634
"978",8,10,0,1,0,1,1,1,1,16652
"979",10,10,0,1,1,1,1,1,0,37902
"980",4,4,0,0,1,1,0,1,0,603
"981",0,0,0,0,1,1,1,1,1,33569
"982",10,10,0,1,1,1,1,1,1,23225
"983",9,9,0,1,1,0,1,1,0,80229
"984",6,6,0,0,0,0,1,1,1,97123
"985",10,10,0,0,1,0,1,0,0,95490
"986",2,3,0,1,1,1,1,0,0,7502
"987",5,5,0,0,0,0,0,0,0,22079
"988",0,0,0,0,0,1,1,0,0,82834
"989",7,7,0,1,1,1,1,1,1,10034
"990",8,8,0,0,0,1,1,1,0,97470
"991",5,6,0,1,1,1,1,1,1,90068
"992",2,2,0,0,0,1,1,0,0,6074
"993",2,1,0,0,1,0,1,0,1,98409
"994",8,9,0,1,1,0,0,1,0,10475
"995",10,10,0,0,1,0,0,1,0,8401
"996",6,6,0,0,0,1,1,0,1,98208
"997",0,1,0,0,0,1,1,0,0,15122
"998",0,0,1,0,1,1,1,0,1,80634
"999",6,7,0,1,1,1,1,0,1,7823
"1000",4,4,0,0,1,1,1,0,1,85204
"1001",8,8,0,1,1,1,0,1,NA,11418
"1002",5,5,1,0,1,1,1,1,0,62095
"1003",10,10,0,1,1,0,1,1,1,17042
"1004",2,6,0,1,0,1,0,1,1,92840
"1005",1,3,0,0,0,1,1,0,0,29730
"1006",9,9,NA,NA,1,1,1,1,0,43212
"1007",8,8,0,1,1,1,1,1,1,33781
"1008",1,1,0,0,0,1,1,1,1,97080
"1009",9,9,0,0,0,1,1,1,1,29208
"1010",8,7,0,1,0,1,0,0,1,77042
"1011",1,2,0,0,1,1,1,0,1,66531
"1012",3,5,0,0,1,1,1,1,1,60102
"1013",4,4,0,0,0,1,1,0,0,93110
"1014",2,0,0,0,0,1,1,0,0,46217
"1015",0,0,1,0,0,1,1,1,0,60610
"1016",0,1,0,0,0,1,1,0,1,97138
"1017",2,1,1,0,0,1,1,0,1,37312
"1018",10,10,0,1,0,1,1,1,0,60090
"1019",5,5,0,0,1,0,0,1,0,93536
"1020",6,7,1,0,0,1,1,1,1,23454
"1021",5,5,0,1,1,0,1,1,0,19115
"1022",3,3,1,0,1,0,1,0,0,70810
"1023",1,2,1,0,1,1,1,1,0,97206
"1024",8,6,0,1,0,1,1,1,0,78641
"1025",2,7,0,0,0,1,1,1,1,30458
"1026",7,7,1,0,0,1,1,1,0,95695
"1027",7,8,0,1,1,0,0,1,0,32571
"1028",6,6,0,0,0,1,1,1,1,2171
"1029",8,7,0,1,1,1,1,0,0,4843
"1030",7,4,0,1,0,1,0,1,1,60628
"1031",5,5,0,1,1,1,0,0,0,30038
"1032",7,7,0,1,1,1,0,1,1,6103
"1033",7,7,0,0,1,0,0,1,0,0
"1034",8,10,0,1,1,1,1,1,1,13411
"1035",9,9,0,1,0,1,1,1,1,78641
"1036",2,2,1,0,0,1,1,1,1,32577
"1037",5,5,0,0,1,1,0,0,0,48224
"1038",9,9,0,1,0,1,1,1,1,2143
"1039",0,0,1,0,1,1,1,0,0,19801
"1040",8,6,0,0,0,1,1,1,1,15224
"1041",9,8,0,0,1,1,1,1,1,81432
"1042",8,8,0,1,1,0,1,1,0,48312
"1043",2,4,0,0,1,1,0,1,0,30088
"1044",5,8,0,1,1,1,0,0,0,30303
"1045",2,4,0,0,0,0,1,1,0,83815
"1046",3,1,0,1,0,1,0,1,1,92656
"1047",2,2,1,0,0,1,1,1,1,18974
"1048",2,3,1,0,0,1,1,0,1,45505
"1049",5,5,0,1,1,0,1,0,0,32570
"1050",2,2,0,0,1,1,1,1,1,2346
"1051",5,8,0,0,1,1,1,1,0,10708
"1052",6,7,1,0,1,1,1,0,1,3033
"1053",3,3,0,0,0,1,1,0,0,83705
"1054",0,1,1,0,0,0,1,1,0,23834
"1055",7,7,0,0,1,1,1,1,1,48651
"1056",10,10,0,1,0,1,1,1,1,19135
"1057",0,0,1,0,1,1,1,0,0,64867
"1058",8,7,1,0,1,0,1,0,0,83716
"1059",0,0,1,0,1,1,0,1,1,32504
"1060",0,1,1,0,0,1,1,0,0,4250
"1061",9,10,0,0,1,1,1,0,0,37087
"1062",0,1,0,0,0,1,1,0,1,76137
"1063",9,9,0,1,1,1,1,0,0,76308
"1064",5,5,0,0,1,0,1,0,0,15068
"1065",10,5,0,1,0,1,1,1,1,98362
"1066",4,4,1,0,0,1,1,1,NA,44446
"1067",7,6,0,1,0,1,1,0,0,30707
"1068",7,9,0,0,0,1,1,1,0,68901
"1069",4,3,0,0,0,0,1,1,1,19803
"1070",4,4,0,1,1,1,1,1,0,32920
"1071",10,10,0,1,1,1,1,1,1,10032
"1072",0,1,1,0,0,1,1,0,1,32570
"1073",4,4,0,1,1,1,1,1,0,19380
"1074",5,5,0,0,0,1,1,1,1,45424
"1075",6,6,0,1,1,0,0,1,0,1754
"1076",6,6,0,0,1,1,0,1,1,95616
"1077",7,7,0,1,1,1,1,1,1,87047
"1078",4,4,0,1,0,1,1,1,1,40511
"1079",6,6,0,0,0,0,1,0,0,73701
"1080",4,4,0,0,0,1,1,1,1,32174
"1081",7,7,0,1,1,1,1,1,1,16510
"1082",7,8,0,1,1,1,1,0,1,62269
"1083",7,7,0,0,0,1,1,1,1,30188
"1084",3,2,0,1,0,1,1,0,0,8853
"1085",8,8,0,1,1,0,1,1,0,45236
"1086",10,10,0,1,1,1,1,1,1,14519
"1087",6,4,0,1,1,1,1,1,1,1267
"1088",1,1,0,0,0,1,1,0,0,98155
"1089",4,6,0,1,1,1,0,1,1,96813
"1090",6,6,0,0,0,0,1,0,0,61801
"1091",10,10,0,1,1,0,1,1,0,98901
"1092",8,7,0,1,1,1,1,1,1,32504
"1093",9,9,0,1,1,1,1,0,0,4106
"1094",3,4,0,1,1,0,1,0,0,85210
"1095",9,9,0,1,0,1,0,1,1,95014
"1096",8,8,0,1,1,1,0,0,0,91711
"1097",9,9,0,1,1,1,0,0,1,31905
"1098",0,0,0,1,1,1,1,0,0,33140
"1099",8,8,0,1,1,1,0,1,0,60626
"1100",10,10,0,1,1,1,1,1,0,46815
"1101",1,2,0,0,1,0,0,0,0,6511
"1102",8,7,0,1,0,1,1,1,1,8505
"1103",4,4,NA,NA,0,0,0,0,0,87001
"1104",5,4,0,1,0,1,1,0,1,91768
"1105",0,0,0,0,1,0,1,1,0,31548
"1106",6,8,0,1,0,1,1,0,1,32656
"1107",5,8,0,0,1,1,0,0,0,77060
"1108",0,0,1,0,0,1,1,1,1,32765
"1109",10,10,0,1,1,1,0,1,0,30236
"1110",5,5,0,0,0,1,0,1,1,7087
"1111",8,8,0,1,1,0,1,1,0,16438
"1112",5,5,NA,NA,1,0,0,1,0,32826
"1113",6,8,0,1,1,1,0,1,0,28025
"1114",5,5,0,0,1,0,0,1,0,27502
"1115",10,10,0,1,1,0,0,0,0,91910
"1116",1,1,0,0,0,1,1,1,1,35201
"1117",0,0,1,0,1,1,1,1,0,78641
"1118",3,3,0,0,1,1,1,1,0,20024
"1119",0,0,0,0,0,1,1,1,1,6066
"1120",0,1,1,0,1,0,1,0,0,8060
"1121",0,0,0,0,0,1,1,1,0,85015
"1122",6,6,0,0,1,1,1,0,0,33169
"1123",10,10,NA,NA,1,0,0,0,0,23669
"1124",4,4,0,0,0,1,1,0,1,11901
"1125",5,5,0,0,1,1,1,0,0,39046
"1126",0,0,0,1,1,1,1,0,1,2893
"1127",4,4,0,1,1,1,1,1,1,19958
"1128",8,8,0,1,0,1,1,1,1,95776
"1129",7,7,0,1,0,1,1,0,1,16105
"1130",7,6,0,1,0,0,0,1,1,78745
"1131",0,0,0,0,1,1,1,0,0,85381
"1132",1,1,1,0,0,1,1,0,1,34481
"1133",5,5,0,0,0,1,1,1,1,52001
"1134",1,2,0,1,0,1,0,0,0,22554
"1135",0,0,1,0,1,1,1,0,1,29073
"1136",4,3,1,0,0,1,1,0,1,46038
"1137",7,7,0,1,1,0,1,1,1,29715
"1138",8,6,0,0,1,1,1,1,0,1721
"1139",5,5,0,1,1,1,1,0,0,13601
"1140",9,9,0,1,0,1,0,0,1,28501
"1141",10,10,0,1,1,0,1,0,NA,44035
"1142",8,8,0,1,1,1,1,1,0,33321
"1143",5,7,0,1,0,1,0,0,1,96792
"1144",9,9,0,0,0,0,1,0,0,85346
"1145",8,9,0,1,1,1,1,1,1,49442
"1146",5,5,0,0,0,1,1,1,0,62966
"1147",1,1,0,0,0,1,1,0,0,85705
"1148",6,6,0,1,0,1,1,1,1,45327
"1149",3,3,0,0,0,1,0,1,1,20111
"1150",6,6,NA,NA,1,0,1,1,0,79414
"1151",3,3,0,0,0,1,0,1,1,2124
"1152",8,7,0,1,0,0,1,0,0,98661
"1153",6,6,0,1,0,1,0,0,1,85338
"1154",0,0,1,0,1,1,1,0,0,35768
"1155",1,1,0,0,0,1,1,1,1,97330
"1156",1,2,1,0,0,1,1,0,0,32534
"1157",5,5,0,0,0,0,1,1,0,32931
"1158",0,1,1,0,0,1,1,0,0,60051
"1159",0,0,0,0,1,1,1,0,1,11778
"1160",1,1,NA,NA,0,1,1,1,1,72704
"1161",2,2,0,0,0,1,1,0,0,40729
"1162",2,6,NA,NA,0,0,1,1,0,22903
"1163",5,6,0,0,0,1,1,0,0,41311
"1164",9,9,0,1,1,1,1,1,0,14580
"1165",5,9,0,1,1,1,0,0,1,60441
"1166",1,1,1,0,1,0,1,1,1,17257
"1167",5,3,0,1,1,1,0,1,0,98404
"1168",9,9,0,0,0,0,1,0,0,43205
"1169",10,10,0,0,0,1,1,1,1,8084
"1170",0,0,0,0,0,1,1,1,1,15237
"1171",0,0,0,0,0,1,1,0,1,27603
"1172",9,9,0,0,1,0,1,0,0,78217
"1173",3,4,0,0,1,1,0,0,0,78705
"1174",10,10,0,1,1,1,1,1,1,46614
"1175",3,3,0,1,0,1,0,1,1,91304
"1176",6,6,0,1,1,1,0,1,1,75702
"1177",2,6,0,1,1,0,1,0,1,66067
"1178",5,6,0,1,0,1,1,1,1,15236
"1179",0,10,NA,NA,0,0,1,0,0,24220
"1180",7,7,0,0,0,1,0,1,0,90501
"1181",9,10,0,0,1,0,1,0,0,95354
"1182",1,1,0,1,0,1,1,0,0,18518
"1183",0,2,0,0,1,1,1,1,1,34952
"1184",7,8,0,0,0,1,1,1,0,11357
"1185",2,2,0,1,1,1,0,0,0,30662
"1186",7,7,0,0,1,1,0,1,0,48201
"1187",0,0,0,0,0,1,1,0,1,48146
"1188",9,9,0,1,1,1,1,1,1,83703
"1189",10,10,0,1,1,0,1,1,0,75946
"1190",2,5,0,0,0,1,1,0,0,91306
"1191",3,7,1,0,1,1,1,1,1,71639
"1192",8,8,0,0,0,1,0,1,0,92562
"1193",7,7,0,0,1,0,1,0,0,48507
"1194",6,6,0,0,0,1,1,0,1,97078
"1195",7,9,0,1,0,0,1,0,0,1950
"1196",0,0,1,0,0,1,1,0,1,21901
"1197",8,8,0,1,0,0,1,0,0,27409
"1198",1,1,0,0,0,1,1,1,1,75246
"1199",6,6,0,0,0,1,1,0,0,1864
"1200",0,0,1,0,0,1,1,1,1,37043
"1201",7,7,0,1,0,1,1,1,1,78701
"1202",9,9,0,1,0,1,1,1,0,43224
"1203",8,8,0,1,1,1,1,1,1,94804
"1204",7,7,0,0,0,0,1,1,0,77441
"1205",5,5,NA,NA,0,1,1,1,1,7065
"1206",2,2,0,0,0,0,1,1,0,49319
"1207",8,9,0,1,0,1,1,1,1,6614
"1208",10,10,0,1,0,0,1,0,0,17402
"1209",4,4,0,0,0,1,1,1,0,30328
"1210",2,2,1,0,1,1,1,0,0,53027
"1211",8,7,0,1,0,1,0,1,1,78223
"1212",0,0,0,0,0,0,1,0,0,75098
"1213",5,6,0,1,0,1,1,1,1,60657
"1214",7,7,0,1,0,1,1,1,1,29303
"1215",0,1,0,0,1,1,1,1,1,75028
"1216",9,9,0,1,0,1,1,0,0,85050
"1217",3,4,0,0,0,1,1,1,0,80226
"1218",8,8,0,1,1,0,0,1,0,95148
"1219",6,6,0,1,1,1,1,1,1,34684
"1220",6,6,1,0,0,1,1,1,1,22209
"1221",3,3,0,0,1,1,1,0,0,8080
"1222",9,10,0,1,1,1,1,0,0,97439
"1223",4,6,0,0,0,0,0,1,0,90019
"1224",9,8,0,0,1,1,1,1,1,48357
"1225",8,8,0,1,0,1,1,0,1,92377
"1226",7,9,0,1,0,1,0,1,0,11354
"1227",0,0,1,0,1,0,1,0,1,32807
"1228",8,8,1,0,1,0,1,1,1,91020
"1229",7,9,0,1,0,1,0,0,0,92346
"1230",4,5,0,0,1,1,1,1,0,54613
"1231",10,10,0,0,0,0,0,0,0,14094
"1232",4,4,0,0,1,1,1,0,1,48726
"1233",7,7,1,0,0,1,1,0,0,11518
"1234",1,3,1,0,1,1,1,1,0,14701
"1235",8,9,0,1,0,0,1,0,0,61401
"1236",10,10,0,1,1,0,0,1,1,94806
"1237",10,10,0,1,1,1,1,1,1,19018
"1238",0,0,1,0,0,1,1,1,0,40514
"1239",0,0,0,0,0,1,1,1,0,31909
"1240",6,6,1,0,1,1,1,1,0,19053
"1241",0,1,0,1,1,1,1,0,0,49333
"1242",7,6,0,0,0,1,1,1,1,19806
"1243",7,7,0,1,0,1,0,1,0,60527
"1244",7,8,0,0,1,1,1,0,1,15801
"1245",8,8,0,0,1,1,1,0,1,48653
"1246",3,4,1,0,0,1,1,1,1,39042
"1247",6,6,0,1,1,1,1,1,0,76571
"1248",7,2,0,0,1,1,1,1,0,48609
"1249",0,0,1,0,0,0,1,0,1,7731
"1250",10,10,0,0,0,1,1,0,1,14701
"1251",9,9,0,1,1,1,1,1,1,28304
"1252",0,0,0,0,0,1,1,1,0,30117
"1253",1,2,1,0,1,1,0,0,1,91766
"1254",0,1,1,0,1,1,1,0,0,33810
"1255",4,4,0,1,0,1,1,1,1,16066
"1256",0,1,1,0,1,1,0,0,0,97233
"1257",0,0,0,0,0,1,0,0,0,32812
"1258",7,7,0,1,0,1,1,1,1,19020
"1259",4,5,0,1,1,1,0,1,1,96840
"1260",9,9,0,1,1,1,1,0,0,48150
"1261",5,4,0,1,0,1,0,0,0,78550
"1262",7,7,0,1,0,1,1,1,1,32311
"1263",6,4,0,0,0,0,1,0,0,49507
"1264",5,5,0,0,0,0,0,1,1,36330
"1265",0,1,0,0,1,0,1,1,0,39354
"1266",7,7,0,1,0,1,0,1,1,76207
"1267",5,8,0,0,1,1,1,1,1,18612
"1268",8,8,0,0,1,0,0,1,1,75071
"1269",6,8,0,1,1,1,0,1,0,90068
"1270",7,7,0,0,1,0,1,0,0,65775
"1271",8,7,0,1,0,1,1,1,0,4223
"1272",8,2,0,1,1,1,0,1,0,20854
"1273",5,7,0,0,1,0,1,0,0,32256
"1274",0,0,NA,NA,0,1,1,0,0,27320
"1275",5,5,0,1,1,0,1,1,0,85338
"1276",8,9,NA,NA,1,0,1,1,1,14092
"1277",5,4,0,1,0,0,1,0,0,13069
"1278",7,6,0,0,0,1,1,1,1,15236
"1279",6,7,0,0,0,1,1,0,0,63139
"1280",4,2,1,0,0,1,1,0,0,64013
"1281",7,7,0,1,1,1,0,1,0,94043
"1282",10,10,0,1,0,1,0,1,0,97045
"1283",0,0,1,0,1,1,1,0,0,99021
"1284",4,4,0,0,1,1,1,0,0,39574
"1285",6,3,0,0,0,1,1,1,1,87501
"1286",1,1,1,0,1,1,1,1,0,20187
"1287",2,2,NA,NA,0,1,1,1,1,29681
"1288",8,7,0,1,1,1,1,0,0,60466
"1289",2,3,NA,NA,1,1,0,0,0,49519
"1290",0,0,NA,NA,1,1,1,1,0,37664
"1291",4,6,NA,NA,0,1,1,1,0,6825
"1292",9,9,0,1,1,1,1,0,0,70114
"1293",3,3,1,0,1,1,1,1,1,11224
"1294",10,10,NA,NA,1,1,1,0,0,37211
"1295",8,9,0,1,0,1,1,1,NA,60626
"1296",0,0,0,0,0,1,1,1,NA,47401
"1297",8,7,0,1,1,1,1,1,0,11733
"1298",2,2,NA,NA,0,1,1,1,0,32765
"1299",5,5,0,0,1,1,1,1,1,76247
"1300",4,6,0,1,0,1,1,0,1,85716
"1301",10,10,NA,NA,NA,NA,NA,NA,NA,NA
"1302",7,7,0,1,0,1,1,1,0,15212
"1303",5,4,0,0,0,1,0,0,1,60640
"1304",6,7,1,0,0,0,0,1,0,95826
"1305",8,8,0,0,0,1,1,1,1,95843
"1306",10,10,0,0,1,1,1,1,1,7724
"1307",8,8,0,1,1,1,1,1,1,60101
"1308",1,1,0,0,1,0,1,0,0,92561
"1309",4,4,0,0,0,1,1,1,0,97005
"1310",7,7,0,1,1,0,1,1,0,32137
"1311",5,5,0,1,0,1,1,1,0,53110
"1312",2,3,1,0,0,1,1,1,1,34293
"1313",6,7,0,0,0,1,1,0,0,22902
"1314",6,5,0,1,1,1,1,0,0,28400
"1315",9,9,0,0,0,0,1,1,0,33024
"1316",5,5,0,0,0,1,1,1,0,23235
"1317",8,8,0,1,0,1,0,1,0,91007
"1318",9,9,0,1,0,1,1,1,1,20001
"1319",7,7,0,0,1,1,1,0,0,43228
"1320",0,0,0,0,0,1,1,1,0,85338
"1321",2,3,0,1,0,1,1,1,1,8817
"1322",6,6,0,1,0,1,0,1,1,91344
"1323",10,10,0,1,0,1,1,1,0,44077
"1324",4,5,1,0,1,1,1,1,1,7719
"1325",0,0,0,0,0,1,1,0,0,60602
"1326",0,0,1,0,0,1,1,1,1,7621
"1327",7,8,0,1,0,1,1,1,1,11230
"1328",3,3,0,0,0,1,1,1,1,4258
"1329",0,0,0,0,0,1,1,1,0,27589
"1330",2,1,1,0,0,1,1,1,1,27713
"1331",10,10,0,1,0,0,0,1,0,94116
"1332",2,2,0,1,1,0,1,0,0,65807
"1333",1,1,0,1,0,1,0,1,1,60090
"1334",8,7,0,1,1,1,1,1,0,40219
"1335",8,8,0,1,1,0,1,1,0,95608
"1336",0,0,1,0,0,0,1,0,0,27349
"1337",0,0,1,0,0,1,1,0,0,99207
"1338",0,0,0,1,0,0,1,0,0,65807
"1339",3,5,0,0,0,1,1,1,1,11223
"1340",1,8,0,0,0,0,1,0,0,12043
"1341",1,1,0,0,0,1,1,1,1,52246
"1342",6,8,0,0,0,1,1,1,1,60031
"1343",4,8,0,1,1,1,0,1,0,33166
"1344",10,9,0,1,0,0,1,1,1,44446
"1345",5,5,0,0,1,1,1,1,0,18202
"1346",7,7,0,1,0,1,1,1,1,94116
"1347",7,7,1,0,0,1,1,1,1,18636
"1348",0,1,1,0,0,1,0,1,0,22030
"1349",9,9,0,0,1,1,0,0,0,20002
"1350",8,7,0,0,1,1,0,1,0,33601
"1351",10,10,0,0,1,1,1,1,0,97401
"1352",6,6,0,0,1,1,1,1,1,80203
"1353",0,0,1,0,1,0,1,0,0,92392
"1354",6,6,0,1,0,1,1,1,0,1913
"1355",8,8,0,1,0,1,1,1,1,77840
"1356",9,10,0,0,1,1,1,1,1,55416
"1357",7,7,0,0,1,1,1,0,0,96001
"1358",5,5,0,1,1,1,1,0,1,77407
"1359",7,7,0,1,0,0,1,1,0,91604
"1360",0,0,1,0,1,0,0,0,0,34982
"1361",3,4,0,0,0,1,1,0,0,39212
"1362",6,6,0,1,1,1,1,0,0,98382
"1363",9,9,0,1,1,1,1,1,1,98311
"1364",8,7,0,1,0,0,1,0,0,1440
"1365",0,0,1,0,0,1,1,1,1,28027
"1366",7,7,0,1,0,1,1,0,1,24087
"1367",5,5,0,0,1,0,1,0,0,85022
"1368",8,7,0,1,1,1,1,1,0,38122
"1369",6,8,1,0,0,1,1,1,1,66049
"1370",0,0,1,0,0,1,1,1,1,78737
"1371",6,6,0,0,0,0,1,1,0,33613
"1372",4,5,1,0,0,1,1,1,1,22124
"1373",4,6,0,0,0,0,0,0,0,90731
"1374",4,4,0,0,0,1,1,0,0,60188
"1375",2,2,0,0,1,0,1,0,1,83646
"1376",0,2,0,0,0,1,0,1,1,21043
"1377",0,0,0,0,0,1,1,0,0,77845
"1378",1,1,0,1,1,1,1,1,1,44286
"1379",7,7,0,1,0,1,1,0,1,77657
"1380",10,10,0,1,1,1,1,1,1,79901
"1381",8,8,0,1,1,1,1,1,0,57401
"1382",2,2,1,0,0,1,1,0,0,18042
"1383",10,10,0,1,1,1,1,1,1,7032
"1384",10,10,NA,NA,0,1,1,0,1,85742
"1385",0,0,0,0,0,1,1,0,1,32824
"1386",8,7,NA,NA,1,1,0,0,1,92083
"1387",7,7,0,1,1,0,0,0,0,33325
"1388",5,4,0,0,1,1,0,1,1,30350
"1389",3,3,0,1,1,0,1,0,0,98675
"1390",2,4,1,0,1,0,1,1,0,77562
"1391",10,10,0,0,1,1,1,1,0,23454
"1392",6,6,0,0,0,1,1,1,0,75703
"1393",2,3,0,0,0,0,1,1,0,33647
"1394",3,3,0,1,0,1,1,1,1,8205
"1395",10,9,0,0,1,1,1,1,1,20707
"1396",0,0,1,0,1,0,1,1,1,27886
"1397",7,7,0,1,1,0,1,1,0,92126
"1398",6,6,0,0,0,1,1,1,0,32828
"1399",5,8,0,0,1,1,1,1,0,1089
"1400",0,0,0,0,0,1,1,0,0,47303
"1401",7,8,1,0,1,1,1,1,0,60423
"1402",7,7,0,0,1,0,1,1,1,16105
"1403",6,7,0,0,0,1,1,1,1,22192
"1404",2,2,0,0,0,1,0,1,1,1844
"1405",8,9,0,0,0,1,1,1,1,89147
"1406",5,5,0,0,0,1,0,0,1,92126
"1407",4,6,0,0,0,1,1,1,1,14150
"1408",5,5,0,1,1,1,0,1,1,33903
"1409",3,3,0,0,1,1,1,0,0,60050
"1410",6,6,0,1,0,1,0,1,1,7087
"1411",6,7,0,0,1,1,1,0,0,92128
"1412",7,7,0,0,1,0,1,0,0,32073
"1413",10,10,0,0,1,1,1,0,0,77494
"1414",5,5,0,1,0,1,0,1,1,11206
"1415",2,3,0,0,0,0,0,0,0,91739
"1416",2,3,0,0,0,1,1,1,1,47396
"1417",2,2,0,0,0,1,1,1,0,79930
"1418",10,9,NA,NA,1,1,1,0,0,24504
"1419",10,10,0,0,1,0,1,0,0,19104
"1420",7,7,0,1,1,1,1,1,1,12234
"1421",10,10,0,1,1,1,1,0,1,33607
"1422",8,7,0,0,0,1,1,1,1,14304
"1423",4,4,0,0,0,1,1,1,1,55418
"1424",8,8,0,1,1,0,1,1,0,63031
"1425",6,6,0,1,1,1,1,0,0,21215
"1426",2,3,0,0,0,0,1,1,1,98513
"1427",3,5,0,0,1,1,1,0,0,54653
"1428",10,10,0,0,1,1,1,1,0,37771
"1429",8,8,0,0,1,1,1,1,1,89101
"1430",7,7,0,1,1,1,0,0,0,15062
"1431",4,5,0,0,1,0,1,0,0,98372
"1432",8,8,0,1,0,1,1,1,1,63109
"1433",8,8,0,1,0,1,0,1,1,8022
"1434",9,9,0,1,0,1,1,1,1,25401
"1435",0,0,1,0,1,1,1,1,0,35768
"1436",9,9,0,1,0,1,1,1,1,14223
"1437",0,0,0,0,0,1,1,1,1,52806
"1438",9,10,0,1,0,0,1,0,0,87002
"1439",0,0,1,0,0,1,1,0,0,35768
"1440",3,3,0,1,0,1,1,1,0,89012
"1441",2,2,0,1,1,1,0,1,0,98201
"1442",1,2,0,0,0,1,1,1,1,33305
"1443",9,9,0,0,0,1,1,1,0,17352
"1444",7,10,0,1,1,0,0,1,0,60544
"1445",7,7,0,1,1,1,0,1,1,85028
"1446",4,4,1,0,1,1,1,1,0,52325
"1447",6,3,0,1,1,1,1,0,1,22556
"1448",2,3,0,0,0,1,1,0,1,7062
"1449",8,8,0,1,1,1,1,0,0,40219
"1450",8,8,0,1,1,0,1,1,0,62521
"1451",5,8,0,1,1,1,1,0,0,48228
"1452",3,4,0,0,1,1,1,0,0,8846
"1453",6,6,0,1,0,1,0,1,1,98387
"1454",9,9,1,0,1,1,0,0,0,71055
"1455",1,1,0,0,0,1,1,1,1,7030
"1456",9,8,0,1,1,1,1,1,0,37601
"1457",3,7,0,0,0,1,1,0,1,55433
"1458",10,10,0,1,0,1,1,0,1,41042
"1459",0,1,1,0,0,1,1,1,1,60451
"1460",10,10,0,1,1,1,0,0,0,32817
"1461",2,3,1,0,1,1,1,1,1,19104
"1462",0,0,0,0,0,1,1,1,1,20906
"1463",2,2,0,0,0,1,1,1,1,10312
"1464",6,8,NA,NA,1,0,1,1,0,97223
"1465",1,1,0,0,0,1,1,1,1,67017
"1466",3,3,NA,NA,1,1,0,0,1,96740
"1467",2,2,1,0,0,1,1,1,1,55347
"1468",10,10,NA,NA,1,1,1,0,0,30054
"1469",2,3,1,0,0,1,1,1,0,52803
"1470",4,4,0,0,1,1,1,1,0,90210
"1471",7,7,0,1,1,1,1,0,1,48166
"1472",7,7,0,1,1,1,0,1,1,32327
"1473",9,9,0,1,1,1,1,1,0,97267
"1474",7,6,0,1,1,1,0,0,0,37347
"1475",0,0,0,1,1,0,1,0,0,29456
"1476",0,0,NA,NA,0,1,1,1,0,80909
"1477",3,5,0,0,0,0,1,1,0,43002
"1478",5,5,0,0,0,0,0,0,0,8043
"1479",2,2,1,0,0,1,1,0,1,82431
"1480",7,7,NA,NA,1,1,0,1,1,75204
"1481",6,7,0,1,0,1,0,1,1,85295
"1482",2,2,0,1,0,0,1,0,0,4106
"1483",5,4,1,0,1,0,1,1,1,87031
"1484",1,3,1,0,0,0,1,0,0,22030
"1485",2,1,0,1,0,1,0,1,1,53704
"1486",0,1,1,0,0,1,1,0,0,29063
"1487",3,2,0,0,0,1,1,1,1,84414
"1488",5,6,0,1,1,1,0,1,1,78735
"1489",4,6,0,0,1,1,1,1,0,30345
"1490",7,7,0,1,0,1,0,1,1,80920
"1491",5,7,0,1,0,1,0,0,0,95133
"1492",5,5,0,0,0,1,1,0,1,40486
"1493",5,5,0,1,1,1,1,0,0,15650
"1494",8,9,1,0,0,0,1,0,0,18224
"1495",10,10,0,1,1,1,0,1,1,97128
"1496",0,0,NA,NA,1,0,1,0,0,31545
"1497",6,5,1,0,0,1,1,1,0,29210
"1498",0,0,0,0,1,1,1,1,1,28601
"1499",3,3,NA,NA,0,1,1,0,0,97603
"1500",0,0,0,1,0,1,1,0,1,34610
"1501",1,1,1,0,0,1,1,0,0,86409
"1502",10,10,0,1,1,1,1,0,0,31520
"1503",1,2,0,1,0,1,1,1,1,16803
"1504",10,7,0,1,1,1,0,1,1,19001
"1505",8,8,0,1,0,1,1,1,0,98802
"1506",8,9,0,1,0,1,0,1,1,60106
"1507",10,10,0,0,0,1,1,0,0,53050
"1508",5,5,0,0,0,1,0,1,1,95831
"1509",10,8,0,0,1,1,1,0,0,98166
"1510",9,9,0,0,0,1,1,0,0,14445
"1511",4,6,1,0,1,1,1,0,1,44060
"1512",7,7,0,1,0,1,0,1,0,30062
"1513",9,9,0,1,1,1,0,1,0,95824
"1514",10,10,0,1,0,1,1,0,0,15901
"1515",5,5,0,0,0,1,1,1,1,90049
"1516",7,7,0,1,1,1,1,1,1,33484
"1517",7,7,0,0,1,1,1,0,0,80003
"1518",7,1,0,0,0,0,0,0,0,30033
"1519",0,0,1,0,1,1,1,0,0,93212
"1520",0,0,1,0,1,1,1,0,0,21228
"1521",8,10,0,1,0,1,0,1,1,33713
"1522",10,9,0,0,1,1,1,1,0,94513
"1523",1,1,1,0,1,1,1,0,0,77864
"1524",1,1,1,0,0,1,1,0,0,77303
"1525",2,4,0,0,0,1,0,1,0,92626
"1526",0,0,1,0,0,1,1,0,0,77381
"1527",1,2,0,0,0,0,1,0,0,53090
"1528",3,3,1,0,1,0,1,0,1,53186
"1529",0,0,0,0,1,1,1,0,0,7446
"1530",2,2,1,0,0,1,1,0,0,83639
"1531",0,0,0,0,0,1,0,1,0,91206
"1532",7,8,0,1,0,0,1,0,0,53563
"1533",9,9,0,1,1,1,0,1,1,32246
"1534",6,6,NA,NA,1,0,1,0,0,17814
"1535",8,10,0,0,0,1,0,0,0,95122
"1536",0,0,0,0,0,1,1,1,0,39074
"1537",9,9,0,0,1,0,1,1,0,91406
"1538",0,0,1,0,1,0,1,0,0,8106
"1539",9,9,0,1,0,0,1,1,0,19102
"1540",10,10,NA,NA,0,1,1,0,0,41773
"1541",8,8,0,1,0,0,0,1,0,37411
"1542",0,0,1,0,0,1,1,1,1,48430
"1543",7,7,0,0,1,1,0,1,1,96825
"1544",8,8,1,0,1,0,0,1,1,92129
"1545",1,2,0,0,1,0,1,0,0,98146
"1546",9,9,0,1,0,1,1,1,0,78753
"1547",5,9,0,1,1,0,0,0,0,90032
"1548",7,9,0,0,1,1,1,1,0,82072
"1549",2,1,0,0,1,0,1,0,0,81504
"1550",6,5,0,0,0,1,1,0,0,44105
"1551",6,2,0,1,0,1,1,0,0,60164
"1552",7,6,0,1,1,1,1,0,1,98003
"1553",10,10,0,1,1,0,0,1,1,90503
"1554",8,10,0,0,1,0,0,0,0,44484
"1555",5,5,1,0,0,1,1,1,0,50324
"1556",1,1,0,1,1,0,1,0,0,34237
"1557",7,7,0,1,0,1,1,1,1,11214
"1558",4,3,0,1,0,1,0,0,0,35749
"1559",7,7,0,1,1,1,1,1,0,77345
"1560",8,8,0,1,0,1,0,0,0,10023
"1561",8,7,1,0,0,1,0,0,0,11357
"1562",7,7,0,1,1,1,0,1,1,60435
"1563",10,10,0,1,0,1,0,1,1,96819
"1564",3,3,0,1,1,1,0,1,1,93635
"1565",5,4,0,1,1,1,1,0,0,43055
"1566",7,7,1,0,0,1,0,1,1,10001
"1567",8,8,NA,NA,1,1,1,0,0,37130
"1568",6,7,0,1,1,1,0,1,1,23235
"1569",4,2,0,0,0,1,0,1,0,16502
"1570",9,9,0,1,1,1,1,0,0,48329
"1571",0,0,1,0,1,1,1,0,1,12771
"1572",8,9,0,1,1,1,0,1,1,11356
"1573",6,8,0,0,0,1,1,1,1,30253
"1574",7,7,0,1,1,1,0,1,1,48309
"1575",3,8,0,1,0,1,0,1,1,44883
"1576",2,2,0,0,1,0,1,0,0,29032
"1577",1,1,1,0,0,1,1,0,0,28792
"1578",5,4,0,0,1,1,1,0,0,60106
"1579",0,1,1,0,1,1,1,1,1,33196
"1580",5,5,0,0,1,1,1,1,1,99645
"1581",2,3,1,0,1,1,1,1,1,23236
"1582",10,10,0,1,1,0,1,0,1,27949
"1583",9,9,0,1,0,1,0,1,1,90046
"1584",8,5,NA,NA,0,1,1,0,0,68450
"1585",10,10,0,0,1,1,1,1,0,61802
"1586",8,8,0,1,1,1,1,0,0,53221
"1587",3,3,1,0,1,1,1,1,1,32174
"1588",0,3,0,0,1,1,1,0,0,43204
"1589",5,5,0,1,1,1,1,0,0,61025
"1590",0,1,1,0,1,1,1,0,0,32163
"1591",0,0,1,0,0,1,1,1,1,15146
"1592",0,0,0,1,0,1,0,0,0,6850
"1593",5,5,0,0,1,0,1,1,0,19438
"1594",0,0,1,0,1,1,1,0,0,29073
"1595",10,10,0,1,1,1,1,1,1,28806
"1596",3,4,1,0,0,1,1,0,0,14519
"1597",8,8,0,0,1,0,1,1,1,31324
"1598",10,10,NA,NA,0,1,1,0,0,91206
"1599",10,10,0,1,1,1,1,0,0,84129
"1600",8,7,0,0,0,1,1,1,0,54403
"1601",0,0,1,0,1,0,1,0,0,33844
"1602",4,4,0,1,1,1,0,1,0,11720
"1603",8,8,0,1,1,1,0,1,0,32837
"1604",7,5,0,1,0,1,0,1,0,10002
"1605",3,3,1,0,1,1,1,0,1,3103
"1606",4,4,0,0,0,1,1,1,1,63366
"1607",7,7,0,0,1,0,1,0,0,4258
"1608",4,4,0,1,1,1,1,1,0,18202
"1609",10,10,0,1,1,1,1,1,1,43125
"1610",10,10,0,1,1,0,1,0,0,19152
"1611",6,8,1,0,0,1,1,1,1,17551
"1612",9,9,0,1,0,1,0,1,1,23225
"1613",5,5,0,0,1,1,0,1,1,75211
"1614",3,3,0,0,0,0,1,0,0,59711
"1615",1,2,0,1,1,1,1,1,1,30346
"1616",5,5,1,0,1,1,1,1,0,32256
"1617",3,6,0,0,1,1,1,1,0,95531
"1618",0,0,1,0,0,1,1,0,1,76528
"1619",9,8,0,0,0,1,1,1,1,2382
"1620",6,6,1,0,0,1,1,0,0,76528
"1621",3,4,0,1,0,1,1,0,0,54984
"1622",0,1,1,0,1,1,1,1,1,85253
"1623",0,0,0,0,0,1,1,0,0,2145
"1624",8,6,1,0,1,1,0,1,0,44106
"1625",10,10,0,1,0,0,1,1,0,2476
"1626",4,4,0,0,0,1,1,1,0,77840
"1627",5,5,NA,NA,1,1,0,0,0,28034
"1628",0,0,1,0,0,1,1,1,1,60411
"1629",5,7,0,0,1,0,1,1,0,34293
"1630",0,0,1,0,1,1,1,0,0,80840
"1631",1,2,1,0,0,1,1,1,1,7722
"1632",10,10,0,1,1,1,1,1,1,53711
"1633",6,7,0,1,1,1,1,1,0,19810
"1634",10,10,0,1,1,0,1,1,0,85022
"1635",0,0,0,1,1,1,1,0,0,2837
"1636",9,9,0,1,1,1,1,1,1,4401
"1637",0,0,1,0,1,1,1,1,0,27030
"1638",10,10,0,1,1,1,0,0,0,18353
"1639",7,8,0,1,1,0,1,1,0,32605
"1640",8,9,0,1,1,1,1,1,1,65251
"1641",7,7,0,1,0,1,1,0,1,97266
"1642",6,6,0,0,0,1,1,1,1,35216
"1643",6,6,0,0,1,1,1,1,0,76248
"1644",9,9,0,1,1,1,1,1,0,15232
"1645",10,10,0,0,1,1,1,1,0,62301
"1646",3,5,1,0,1,1,1,0,0,15477
"1647",5,5,0,0,1,1,1,0,1,66030
"1648",3,3,1,0,1,1,0,0,1,30083
"1649",8,8,0,0,1,0,1,0,0,36107
"1650",4,4,0,0,1,1,1,0,0,41666
"1651",7,8,0,0,0,1,1,0,0,70452
"1652",0,0,0,0,1,1,0,0,0,90806
"1653",2,4,0,0,1,1,1,0,1,80249
"1654",6,4,0,1,0,1,1,1,0,14225
"1655",2,4,0,1,1,0,0,1,0,33594
"1656",0,0,1,0,0,1,1,1,1,85310
"1657",8,9,0,1,0,0,1,1,1,98103
"1658",0,0,0,0,0,1,1,1,1,2045
"1659",5,5,0,0,1,1,0,1,0,91791
"1660",2,2,1,0,1,0,1,0,0,17701
"1661",10,10,0,1,1,1,1,1,0,40330
"1662",6,8,0,1,1,0,0,1,0,90260
"1663",9,10,0,1,1,1,1,0,0,33569
"1664",6,6,0,1,0,1,1,1,1,17013
"1665",7,7,0,0,0,1,1,1,1,78552
"1666",2,2,1,0,0,1,1,0,1,47201
"1667",7,7,0,1,1,0,1,0,1,21853
"1668",9,9,0,1,1,1,0,1,1,31324
"1669",10,10,0,1,1,0,1,1,0,66030
"1670",9,9,0,0,0,0,1,1,0,91016
"1671",0,0,1,0,0,1,1,0,0,24073
"1672",8,10,0,0,0,1,1,0,0,76205
"1673",4,4,0,0,1,1,1,1,1,95242
"1674",4,3,1,0,1,1,0,1,0,94121
"1675",5,7,0,0,0,1,1,0,0,13031
"1676",6,6,0,1,1,1,1,1,1,15213
"1677",2,2,1,0,0,1,1,0,1,27320
"1678",1,1,1,0,0,1,1,1,0,92373
"1679",3,3,0,1,1,1,1,0,0,40342
"1680",8,8,0,0,0,0,0,1,0,70810
"1681",6,6,1,0,1,1,1,1,0,67579
"1682",5,6,0,1,0,1,0,1,1,36606
"1683",0,0,0,0,0,1,1,1,1,7719
"1684",6,6,0,1,0,1,0,0,0,19311
"1685",8,8,0,1,1,1,1,1,1,13902
"1686",0,0,1,0,1,1,1,1,1,13211
"1687",1,1,0,0,0,0,0,0,0,22030
"1688",6,5,0,1,0,1,1,1,0,97225
"1689",6,7,0,1,1,0,1,0,0,32309
"1690",10,10,NA,NA,0,1,1,1,0,30317
"1691",0,1,1,0,1,0,1,0,1,32628
"1692",10,10,0,0,1,0,1,0,1,77550
"1693",10,10,0,1,1,1,1,0,0,48187
"1694",9,9,0,0,0,1,1,1,1,53719
"1695",10,10,0,1,1,0,1,1,0,79701
"1696",8,8,0,1,1,1,1,1,1,92705
"1697",4,5,0,1,0,1,0,1,1,2134
"1698",7,8,0,1,1,1,1,1,0,10314
"1699",8,8,0,1,1,0,0,0,0,70526
"1700",8,7,0,1,0,1,1,1,1,95123
"1701",9,9,0,0,1,0,0,0,0,27409
"1702",7,7,1,0,0,1,1,1,1,23511
"1703",3,3,NA,NA,0,0,1,0,0,41005
"1704",10,10,0,1,1,0,0,1,1,27407
"1705",10,10,0,1,0,1,1,1,0,41014
"1706",10,10,NA,NA,0,1,1,0,0,98133
"1707",9,10,0,1,1,0,0,1,0,55304
"1708",8,8,0,1,0,1,1,0,0,60302
"1709",0,0,1,0,1,1,1,0,0,67005
"1710",7,7,0,1,1,0,1,1,0,30033
"1711",5,7,0,1,1,1,1,1,1,53719
"1712",0,0,1,0,1,1,1,0,1,97114
"1713",10,10,1,0,0,1,1,0,1,5680
"1714",4,5,1,0,0,1,1,0,1,16801
"1715",8,8,0,1,1,0,1,1,1,94536
"1716",3,8,0,0,0,1,0,1,0,35801
"1717",0,0,0,0,1,0,1,0,0,14559
"1718",8,8,0,1,1,1,1,1,1,22315
"1719",3,3,0,0,1,1,1,0,0,80809
"1720",2,2,1,0,0,1,1,0,0,37934
"1721",10,10,0,1,0,1,1,1,1,20855
"1722",5,5,0,0,0,1,1,0,0,32603
"1723",3,3,1,0,1,1,1,1,0,79424
"1724",7,7,0,1,0,1,1,0,0,33764
"1725",5,5,0,0,1,1,1,0,0,50010
"1726",1,1,1,0,0,1,1,1,1,85730
"1727",1,2,1,0,0,1,0,1,1,91941
"1728",0,0,1,0,0,1,1,0,0,83204
"1729",2,1,1,0,1,1,1,1,1,73703
"1730",6,6,0,1,1,1,1,1,1,55025
"1731",9,9,0,0,1,0,1,0,0,48051
"1732",0,7,0,1,1,1,1,0,1,73099
"1733",5,6,0,0,1,1,1,1,1,28115
"1734",10,10,1,0,1,0,1,1,0,21085
"1735",8,8,NA,NA,0,1,1,1,0,55405
"1736",1,1,0,0,0,1,1,1,1,75022
"1737",1,6,1,0,0,1,1,0,1,2921
"1738",3,6,0,1,0,1,1,1,0,72653
"1739",9,9,0,1,1,1,1,1,1,8048
"1740",10,10,0,1,0,1,1,0,0,5401
"1741",2,3,1,0,1,0,1,0,0,14616
"1742",10,10,0,1,1,0,1,0,0,21911
"1743",7,8,0,0,1,1,0,0,0,45806
"1744",6,6,0,0,0,1,1,1,1,87401
"1745",4,7,0,1,1,0,1,0,1,33455
"1746",10,10,0,1,0,1,1,0,1,80840
"1747",2,3,1,0,1,1,1,0,0,67301
"1748",4,4,1,0,0,1,0,1,1,78218
"1749",8,9,0,0,0,0,1,1,0,7060
"1750",7,3,0,1,0,1,1,1,0,90001
"1751",0,0,0,0,1,1,1,1,1,70065
"1752",3,7,0,0,1,1,1,1,NA,30041
"1753",0,0,1,0,1,1,1,0,0,71964
"1754",1,1,1,0,1,1,1,0,0,16441
"1755",1,1,1,0,1,1,1,1,1,15202
"1756",5,7,0,1,1,1,1,1,0,64112
"1757",2,3,1,0,0,1,1,1,1,23692
"1758",10,10,0,1,0,1,1,1,1,7302
"1759",4,3,1,0,1,1,1,0,0,70525
"1760",4,4,0,1,0,1,1,0,0,17847
"1761",7,8,0,0,1,1,1,0,1,89815
"1762",1,1,0,0,0,1,1,1,1,8902
"1763",9,8,0,1,1,1,0,1,1,93402
"1764",1,2,1,0,1,1,1,0,0,33825
"1765",10,10,0,1,1,1,1,1,0,80831
"1766",7,8,0,1,0,1,0,1,1,7304
"1767",10,10,0,1,0,1,1,0,1,17701
"1768",10,10,0,0,1,0,1,0,0,24740
"1769",9,9,0,1,1,1,1,1,NA,48220
"1770",9,8,0,0,1,1,1,0,0,54501
"1771",0,10,0,0,0,1,1,1,1,11720
"1772",2,4,0,0,1,0,1,0,0,49829
"1773",7,7,0,1,1,0,1,1,1,7677
"1774",8,10,0,1,1,1,1,0,1,54872
"1775",9,7,0,1,1,1,1,0,0,19333
"1776",2,2,0,0,0,1,1,0,0,14305
"1777",6,6,0,0,1,1,1,0,0,85345
"1778",6,6,0,0,1,1,0,1,1,27603
"1779",8,8,0,1,1,0,1,0,0,25526
"1780",2,3,0,0,1,0,1,0,0,97304
"1781",5,5,0,0,1,0,1,1,0,55901
"1782",8,8,0,0,0,1,1,0,1,30317
"1783",7,7,0,0,0,0,1,1,0,27511
"1784",7,7,1,0,1,0,1,1,0,83204
"1785",7,8,0,1,1,0,1,0,0,32953
"1786",4,7,0,0,0,1,1,0,0,80004
"1787",6,6,0,1,0,1,1,0,1,33774
"1788",10,10,0,1,0,1,0,0,0,97202
"1789",2,3,1,0,0,1,0,1,1,33897
"1790",0,1,1,0,0,1,1,0,1,8009
"1791",2,2,0,0,1,1,1,0,1,45103
"1792",8,8,0,1,1,1,0,1,1,77049
"1793",10,10,0,0,1,1,1,1,0,27284
"1794",0,3,1,0,0,1,1,1,1,22657
"1795",1,1,0,0,1,1,1,1,0,33556
"1796",4,7,0,1,0,1,1,0,1,91325
"1797",3,4,0,1,1,0,1,0,1,72601
"1798",3,3,0,1,0,1,1,0,0,75211
"1799",7,8,0,1,0,1,1,0,1,95831
"1800",8,8,0,1,0,1,1,1,1,32223
"1801",7,7,0,1,1,1,1,1,0,60565
"1802",10,10,0,0,0,1,1,0,0,25704
"1803",1,1,1,0,1,1,1,1,0,78628
"1804",0,0,1,0,0,1,0,1,1,90028
"1805",1,2,1,0,1,0,1,0,0,80011
"1806",5,5,0,1,0,1,1,0,0,47404
"1807",6,5,1,0,1,0,1,0,0,95660
"1808",6,7,0,1,1,1,1,0,0,32605
"1809",3,3,0,0,0,0,1,1,0,54751
"1810",7,7,0,1,0,0,1,0,0,94619
"1811",7,7,0,0,0,1,1,1,1,89144
"1812",5,5,1,0,1,1,1,1,1,31324
"1813",3,7,0,1,0,1,0,0,0,44143
"1814",7,8,0,0,1,1,1,1,1,30306
"1815",2,2,1,0,1,0,1,1,0,52556
"1816",8,8,1,0,0,1,0,1,1,75025
"1817",0,0,1,0,1,0,1,0,0,19342
"1818",8,6,0,1,1,1,0,0,0,43224
"1819",10,10,0,1,1,1,1,0,1,98499
"1820",5,5,0,0,1,1,1,1,1,37138
"1821",6,6,0,0,1,1,1,1,1,30114
"1822",10,10,0,1,0,0,1,0,0,12065
"1823",8,8,0,0,0,1,1,1,1,73069
"1824",3,1,1,0,1,0,1,0,0,46106
"1825",4,4,0,0,1,1,1,1,1,33186
"1826",0,0,0,0,0,1,0,1,1,49690
"1827",6,6,0,0,0,0,1,0,0,80918
"1828",1,1,1,0,1,0,1,1,1,92675
"1829",0,2,0,0,0,0,1,0,0,75602
"1830",0,0,1,0,0,1,1,0,0,74436
"1831",0,0,0,1,1,0,1,0,0,14150
"1832",7,7,0,0,1,1,1,1,1,6066
"1833",5,6,0,1,1,1,0,0,NA,23666
"1834",5,5,0,1,0,1,1,1,0,17603
"1835",5,5,NA,NA,0,1,1,0,0,39705
"1836",10,10,0,0,1,0,1,1,1,95687
"1837",3,3,0,1,1,1,1,0,1,61032
"1838",5,7,0,1,1,1,0,1,0,28205
"1839",0,1,0,0,0,1,1,0,0,82716
"1840",4,8,0,0,1,1,0,1,1,94115
"1841",0,0,1,0,0,1,0,1,1,94588
"1842",0,0,0,0,0,1,1,1,0,78413
"1843",5,5,0,0,1,1,0,1,1,11361
"1844",9,9,0,0,1,0,0,1,0,89052
"1845",2,2,1,0,0,1,1,0,0,64628
"1846",0,0,1,0,1,1,0,1,1,10996
"1847",5,5,0,1,0,1,1,1,1,44130
"1848",0,0,1,0,0,1,1,0,1,48234
"1849",5,5,1,0,1,1,1,1,1,28054
"1850",8,7,0,0,0,0,1,0,0,26865
"1851",4,3,0,0,1,0,1,1,0,76227
"1852",7,7,0,0,0,1,1,1,0,87102
"1853",8,7,0,0,0,1,0,1,0,92336
"1854",0,0,1,0,1,1,1,0,0,74127
"1855",10,10,0,1,1,1,0,0,0,75001
"1856",9,9,0,0,1,1,0,0,1,60101
"1857",8,8,0,0,0,1,1,1,0,43469
"1858",9,10,0,1,1,0,1,0,0,31061
"1859",8,2,1,0,0,1,1,0,0,54901
"1860",0,1,1,0,1,1,1,0,0,44425
"1861",5,5,0,0,1,1,1,1,1,35206
"1862",6,5,0,0,0,1,1,0,1,28277
"1863",0,0,1,0,1,0,1,0,0,92320
"1864",10,10,NA,NA,1,1,1,0,NA,97233
"1865",3,3,0,1,1,1,1,1,1,32504
"1866",1,1,1,0,1,0,1,0,0,82901
"1867",4,4,0,0,0,1,1,0,1,33772
"1868",9,10,0,0,0,1,1,0,0,81143
"1869",4,6,1,0,1,0,1,1,1,34221
"1870",2,2,0,0,1,1,1,0,0,85933
"1871",2,2,0,0,1,1,1,0,0,97707
"1872",0,2,0,1,0,1,1,0,0,81501
"1873",4,2,1,0,1,1,1,1,1,18466
"1874",10,9,0,1,0,1,0,1,1,11213
"1875",0,0,1,0,0,1,1,0,1,4901
"1876",1,5,0,1,0,1,0,0,0,11428
"1877",10,10,0,1,1,0,1,0,0,91381
"1878",5,5,NA,NA,1,1,1,1,0,59865
"1879",8,7,0,1,0,1,1,0,0,30705
"1880",1,1,0,0,1,1,0,1,1,1701
"1881",8,8,0,0,1,0,1,1,1,68144
"1882",4,6,0,1,1,1,1,1,0,19342
"1883",8,9,0,1,0,1,0,1,1,94587
"1884",0,0,0,0,0,1,1,0,1,78621
"1885",0,0,0,0,0,1,1,0,NA,24179
"1886",7,7,0,1,0,0,0,0,0,78570
"1887",8,7,0,1,1,1,1,0,0,53719
"1888",10,10,0,1,0,1,1,0,0,91761
"1889",10,10,0,0,0,0,0,0,0,95945
"1890",0,1,0,0,0,1,1,0,0,55433
"1891",8,9,0,1,1,0,0,0,0,30188
"1892",5,5,1,0,1,1,1,0,0,72704
"1893",4,4,0,1,1,1,1,0,0,10940
"1894",10,10,0,1,1,1,1,0,1,13324
"1895",7,6,0,0,1,1,0,1,0,72104
"1896",9,10,0,1,1,1,1,1,1,60626
"1897",4,4,0,0,0,1,1,1,0,92822
"1898",3,4,1,0,1,1,1,0,1,85546
"1899",0,0,1,0,0,0,1,0,0,2190
"1900",5,5,0,0,0,1,0,0,1,19134
"1901",5,5,0,1,1,1,1,1,0,27103
"1902",5,5,0,0,1,1,0,1,1,78250
"1903",0,0,1,0,1,1,1,1,0,79556
"1904",3,6,0,1,0,1,1,0,0,98391
"1905",8,7,0,1,0,1,1,1,1,53590
"1906",7,7,0,0,1,1,0,1,1,37076
"1907",7,8,0,1,0,1,1,0,0,18103
"1908",1,2,1,0,0,1,1,0,0,46580
"1909",3,6,0,1,1,1,0,1,0,49307
"1910",5,5,0,0,1,1,0,0,1,89142
"1911",6,6,0,1,0,1,0,1,0,12590
"1912",5,5,0,0,0,1,1,1,1,65804
"1913",5,4,0,0,0,1,1,0,1,70460
"1914",0,2,1,0,1,0,1,0,0,74501
"1915",0,2,0,0,1,0,1,0,0,60462
"1916",0,0,1,0,1,1,1,0,1,57788
"1917",2,1,0,0,0,1,1,1,1,30327
"1918",1,0,1,0,1,1,1,0,0,39367
"1919",8,8,0,1,1,1,0,0,1,68776
"1920",5,5,0,0,1,1,0,0,0,91722
"1921",5,5,0,0,0,1,0,1,1,91786
"1922",9,8,0,1,1,0,1,1,0,18104
"1923",7,6,0,1,1,1,1,0,0,28635
"1924",10,9,0,0,1,0,1,1,1,63125
"1925",8,7,0,1,0,1,1,1,1,19136
"1926",5,5,0,1,1,1,0,1,1,90001
"1927",9,9,0,1,0,1,1,0,0,53207
"1928",8,8,0,1,0,1,1,1,0,40351
"1929",6,6,1,0,1,1,1,0,0,19133
"1930",2,1,0,0,1,0,1,1,0,34668
"1931",1,2,0,1,0,1,1,1,1,1001
"1932",10,9,0,1,1,1,1,0,0,8057
"1933",4,5,NA,NA,1,0,0,0,0,32725
"1934",5,5,0,0,0,1,0,0,0,75254
"1935",0,0,0,0,0,1,1,0,1,37604
"1936",1,4,0,0,0,1,1,1,1,48359
"1937",6,8,NA,NA,1,1,1,0,0,4730
"1938",9,10,0,0,0,1,1,0,1,50316
"1939",7,8,0,1,0,1,0,1,1,96813
"1940",0,5,NA,NA,1,0,1,1,0,44011
"1941",10,10,0,0,1,1,1,1,0,89141
"1942",1,1,1,0,0,1,1,1,0,85122
"1943",6,6,0,0,0,1,0,1,1,29410
"1944",10,10,0,0,1,1,1,1,0,19947
"1945",0,0,0,0,0,1,1,1,0,89119
"1946",8,8,0,1,0,0,1,1,1,73003
"1947",2,5,0,0,0,0,1,0,0,18801
"1948",2,4,0,1,1,1,0,1,1,94112
"1949",10,10,0,1,1,1,1,1,0,5674
"1950",9,9,0,0,0,1,1,1,1,17111
"1951",0,0,1,0,1,1,1,1,1,71201
"1952",7,7,0,0,0,1,1,1,1,8215
"1953",10,10,0,0,0,1,1,0,0,48198
"1954",10,10,NA,NA,0,1,0,0,1,98125
"1955",9,10,0,0,1,1,0,0,0,22903
"1956",5,6,0,1,0,1,0,1,1,75044
"1957",5,10,0,0,1,1,1,1,0,1027
"1958",8,8,0,1,0,1,1,1,1,39157
"1959",7,7,0,1,0,1,0,1,1,32503
"1960",5,5,0,1,0,1,0,1,1,92154
"1961",9,9,1,0,1,1,1,1,0,16803
"1962",9,9,0,1,1,1,1,1,0,67212
"1963",5,5,0,1,1,1,0,1,1,19145
"1964",3,4,1,0,0,1,1,1,0,87112
"1965",1,3,0,0,1,1,1,0,0,75254
"1966",0,0,0,1,1,1,0,0,0,33410
"1967",7,7,0,1,1,0,1,0,0,62269
"1968",8,8,0,1,0,1,0,0,0,19135
"1969",10,10,0,1,1,1,1,0,0,60640
"1970",8,8,0,1,0,0,1,0,0,90034
"1971",10,10,0,1,1,1,0,1,1,33565
"1972",0,0,1,0,0,1,1,0,1,45044
"1973",10,10,0,0,0,1,0,0,1,30035
"1974",8,9,0,1,0,1,1,1,1,15217
"1975",9,9,0,0,1,1,1,0,0,83686
"1976",0,0,NA,NA,NA,NA,NA,NA,NA,NA
"1977",0,1,0,0,0,1,1,1,1,77904
"1978",7,7,0,1,1,1,1,0,0,93030
"1979",7,8,1,0,1,1,1,1,1,60148
"1980",9,9,0,1,1,0,1,0,0,56001
"1981",1,1,0,0,1,1,1,1,0,62694
"1982",7,5,0,1,1,0,0,1,1,98072
"1983",4,5,0,0,0,1,0,0,1,58504
"1984",1,1,0,0,0,1,1,0,0,15631
"1985",0,0,0,0,0,0,0,0,0,60185
"1986",5,5,0,1,1,1,1,1,1,30301
"1987",5,5,0,1,0,1,1,1,1,66109
"1988",4,3,0,1,1,1,1,1,0,29412
"1989",0,5,0,0,1,1,0,0,0,7863
"1990",3,6,1,0,0,1,0,0,0,72703
"1991",0,0,1,0,1,1,0,0,1,7731
"1992",9,9,0,0,0,1,0,1,1,80403
"1993",8,8,NA,NA,1,1,0,1,0,667
"1994",10,10,0,1,0,1,1,1,1,76108
"1995",10,10,0,1,1,1,1,1,0,76132
"1996",10,10,0,1,1,1,1,0,1,76039
"1997",4,5,0,1,1,0,0,0,0,77090
"1998",5,8,0,1,1,1,1,1,1,8085
"1999",8,8,0,1,0,1,0,1,1,53012
"2000",1,3,0,1,1,1,0,1,1,33428
"2001",0,1,0,0,1,1,1,1,0,98498
"2002",10,10,0,1,1,1,1,1,1,20866
"2003",0,1,1,0,1,1,1,0,0,63664
"2004",9,9,0,1,1,1,1,1,0,76262
"2005",3,3,0,0,0,1,1,0,0,78209
"2006",10,10,0,0,1,0,1,0,0,16801
"2007",1,2,1,0,0,1,0,0,0,91748
"2008",0,0,1,0,0,1,1,1,1,72112
"2009",8,8,0,0,0,1,0,0,1,60174
"2010",6,5,1,0,1,1,1,1,0,77077
"2011",2,2,0,0,0,1,1,1,1,89149
"2012",6,7,0,0,0,1,1,1,1,74047
"2013",9,9,NA,NA,1,1,1,1,1,48329
"2014",5,4,0,0,0,1,1,0,0,68007
"2015",0,0,0,0,0,1,1,0,0,34231
"2016",8,10,0,1,1,1,1,1,1,95405
"2017",10,10,NA,NA,1,0,1,1,0,22182
"2018",10,10,0,0,1,1,0,1,0,32514
"2019",0,0,1,0,1,1,1,1,1,75652
"2020",8,9,0,1,1,1,1,1,0,13108
"2021",2,2,0,1,1,1,1,1,0,14051
"2022",2,3,1,0,0,1,1,0,1,48419
"2023",10,10,NA,NA,1,1,0,0,1,74011
"2024",9,9,0,1,1,0,1,0,1,34747
"2025",0,1,0,1,0,1,1,1,0,2112
"2026",3,3,0,1,0,1,0,0,0,78550
"2027",7,9,0,1,0,1,0,1,1,11214
"2028",2,4,0,0,0,1,0,0,0,76002
"2029",9,9,0,1,0,1,0,1,0,32708
"2030",0,3,1,0,1,1,1,1,1,7863
"2031",5,6,0,1,0,0,0,0,0,28376
"2032",7,7,0,1,1,0,1,0,1,34655
"2033",4,2,0,0,1,0,1,0,0,92637
"2034",3,6,0,1,1,1,0,0,0,91746
"2035",2,2,1,0,1,1,1,0,1,48507
"2036",8,8,0,1,1,0,1,0,0,34243
"2037",0,0,0,0,0,1,1,0,1,95608
"2038",5,5,NA,NA,1,1,0,1,0,91733
"2039",1,0,0,0,1,0,1,0,1,99156
"2040",10,10,0,1,1,1,1,1,0,85282
"2041",4,4,0,0,0,1,1,0,1,43017
"2042",10,10,0,0,1,1,0,1,1,11238
"2043",2,2,0,1,1,1,1,0,0,60050
"2044",2,3,0,0,0,1,1,1,0,43212
"2045",0,0,1,0,0,1,1,1,1,68847
"2046",8,3,NA,NA,1,1,1,0,0,92407
"2047",7,10,0,0,0,1,0,0,0,92376
"2048",6,7,0,1,1,0,0,1,1,11375
"2049",0,1,0,1,0,0,1,0,0,66720
"2050",10,10,0,1,0,1,1,1,1,13090
"2051",7,8,0,1,0,1,1,1,0,6492
"2052",5,5,0,1,1,1,0,0,0,10453
"2053",4,4,1,0,0,1,1,0,1,55372
"2054",9,9,0,1,1,1,1,1,1,5489
"2055",4,4,1,0,1,1,1,1,0,45701
"2056",0,0,0,1,0,1,1,0,0,24892
"2057",2,2,0,0,1,0,1,0,0,90250
"2058",2,2,1,0,0,1,1,1,1,2461
"2059",3,2,0,0,1,1,1,0,0,93514
"2060",1,1,1,0,1,1,1,0,0,39503
"2061",10,10,NA,NA,1,0,1,1,1,8075
"2062",0,0,0,0,0,1,1,1,1,44107
"2063",7,9,0,0,0,1,1,0,0,45891
"2064",1,1,0,1,1,0,1,0,0,22980
"2065",2,2,1,0,1,1,1,0,1,88201
"2066",7,6,NA,NA,1,1,1,0,0,65625
"2067",6,7,0,1,1,1,1,1,1,44145
"2068",0,0,1,0,1,1,1,0,0,13440
"2069",0,0,0,0,0,1,0,0,0,34758
"2070",5,5,0,0,1,1,0,1,0,32801
"2071",5,5,0,0,0,1,0,0,0,80234
"2072",3,3,1,0,0,1,1,1,1,37421
"2073",5,5,0,0,0,1,0,0,0,34747
"2074",5,5,0,0,1,1,0,0,0,34759
"2075",0,0,NA,NA,0,1,1,1,0,15068
"2076",7,7,0,0,1,1,1,1,1,21012
"2077",2,1,0,0,0,1,1,1,1,75702
"2078",5,7,1,0,1,1,1,0,0,38637
"2079",1,2,0,0,0,1,0,0,0,10037
"2080",4,4,0,0,1,0,0,1,NA,70003
"2081",5,0,NA,NA,0,1,1,1,0,79015
"2082",8,10,0,1,0,1,1,0,1,26726
"2083",10,10,0,1,1,1,1,1,0,44107
"2084",3,3,0,0,1,1,1,1,0,32168
"2085",0,0,NA,NA,1,1,1,1,0,33881
"2086",9,10,0,1,1,1,1,1,0,32771
"2087",10,10,0,1,1,1,1,1,1,32301
"2088",10,10,0,1,0,0,1,0,0,45225
"2089",5,5,0,0,0,1,1,1,1,14845
"2090",8,8,0,0,1,1,1,1,0,2135
"2091",3,5,0,1,0,0,1,0,0,87553
"2092",10,10,0,1,1,1,1,0,1,75214
"2093",0,0,1,0,1,1,1,1,1,84721
"2094",7,6,0,0,1,1,1,1,1,78212
"2095",10,10,0,0,0,1,1,0,0,32563
"2096",1,2,0,1,0,1,1,1,1,55068
"2097",6,7,NA,NA,0,1,0,0,0,85224
"2098",1,1,0,0,1,0,1,1,0,77351
"2099",6,7,0,1,1,1,0,1,1,39212
"2100",7,7,0,1,0,0,0,0,0,50459
"2101",3,3,0,0,0,1,1,1,1,6516
"2102",8,7,0,0,1,1,1,0,0,65803
"2103",5,5,1,0,0,1,1,1,1,16046
"2104",9,9,0,1,1,1,0,1,0,55440
"2105",9,9,0,0,1,1,1,0,1,47275
"2106",3,5,0,1,1,1,1,0,0,33710
"2107",5,5,0,0,1,1,0,0,0,85008
"2108",0,0,0,0,1,0,1,0,0,76116
"2109",10,10,0,1,1,1,1,1,0,32311
"2110",9,10,0,1,0,1,1,0,0,22407
"2111",2,1,0,0,1,1,1,0,1,1234
"2112",8,8,NA,NA,1,1,0,1,1,95503
"2113",9,9,0,1,0,0,0,1,0,24078
"2114",3,3,0,1,1,1,1,1,1,93555
"2115",3,3,0,0,0,0,1,1,0,16501
"2116",8,8,0,0,1,1,0,0,0,72034
"2117",10,10,0,1,0,1,1,0,1,11201
"2118",10,10,0,0,0,1,1,0,0,8302
"2119",10,10,0,1,0,1,1,1,1,40353
"2120",8,7,0,1,1,1,1,1,1,27106
"2121",9,9,0,1,0,1,1,1,1,45419
"2122",10,10,0,1,0,1,1,0,0,62526
"2123",6,6,0,0,0,1,1,0,0,47112
"2124",9,9,0,1,1,1,1,1,1,95476
"2125",0,1,1,0,0,1,1,0,0,71433
"2126",0,0,0,0,0,0,1,0,0,97527
"2127",6,6,NA,NA,0,1,0,1,1,2921
"2128",0,0,1,0,1,1,1,0,1,32940
"2129",3,7,0,1,0,1,0,0,0,77021
"2130",2,3,1,0,1,1,1,1,0,14221
"2131",3,4,0,0,1,1,0,1,0,2115
"2132",9,9,NA,NA,0,1,1,1,0,27517
"2133",7,7,NA,NA,0,0,1,0,0,85743
"2134",7,7,0,0,1,0,1,0,0,84098
"2135",10,10,0,1,1,1,1,0,0,4951
"2136",2,3,0,0,0,1,0,1,1,19104
"2137",8,8,0,1,1,1,1,1,1,29403
"2138",4,4,1,0,0,1,1,0,1,47803
"2139",0,0,1,0,1,1,1,0,1,60081
"2140",2,2,1,0,1,1,1,0,0,29672
"2141",6,6,0,0,0,1,1,1,0,29488
"2142",7,6,0,1,0,1,1,0,0,98373
"2143",10,10,0,0,1,0,1,0,0,46501
"2144",10,10,0,1,1,1,1,1,1,18067
"2145",1,4,0,0,0,1,1,1,1,71105
"2146",8,9,0,0,1,0,1,1,0,37618
"2147",6,6,0,0,0,1,1,0,0,99201
"2148",0,0,0,0,1,1,1,0,1,44137
"2149",0,0,0,0,0,1,1,1,1,44446
"2150",10,10,0,1,1,1,1,1,0,5086
"2151",6,7,0,1,1,0,1,0,0,31313
"2152",8,8,0,1,0,1,0,1,1,92886
"2153",6,7,0,1,0,1,0,1,1,91789
"2154",0,1,0,0,1,1,1,0,0,1420
"2155",6,6,1,0,0,1,1,1,1,97224
"2156",3,2,1,0,1,0,1,0,0,17834
"2157",2,2,1,0,1,1,1,1,1,90403
"2158",5,5,0,0,1,1,0,0,0,33311
"2159",2,3,0,1,0,0,1,0,0,72701
"2160",0,0,1,0,1,1,1,0,0,19149
"2161",8,8,0,0,1,1,1,1,1,86001
"2162",2,3,0,0,0,1,1,0,1,55119
"2163",4,3,0,1,1,1,0,1,1,30016
"2164",2,3,0,1,0,1,1,0,0,33540
"2165",1,2,0,1,0,1,1,0,0,68506
"2166",3,7,0,1,1,1,1,1,0,84320
"2167",1,0,0,0,1,1,0,1,1,78711
"2168",8,8,0,1,1,0,0,0,0,78070
"2169",9,10,0,1,1,1,0,1,1,33311
"2170",6,9,0,1,0,1,1,0,0,17601
"2171",6,5,0,0,1,1,0,0,1,92377
"2172",0,0,1,0,0,1,1,0,0,17111
"2173",3,3,1,0,1,1,1,1,0,26201
"2174",10,9,1,0,0,1,1,0,0,30022
"2175",10,10,0,1,0,1,1,1,0,55110
"2176",8,6,0,0,0,1,0,0,0,11201
"2177",3,4,0,0,1,1,0,1,1,94536
"2178",9,9,0,1,1,1,1,1,0,76209
"2179",2,0,1,0,0,1,1,0,0,14624
"2180",6,4,0,1,1,1,0,0,0,77036
"2181",2,2,0,0,0,1,1,1,1,61761
"2182",5,3,NA,NA,1,1,0,0,0,63111
"2183",0,0,1,0,1,1,1,0,1,12838
"2184",6,4,0,1,1,1,1,0,0,48088
"2185",1,10,0,1,1,1,1,1,0,61756
"2186",5,5,0,1,1,0,1,1,1,60585
"2187",8,8,0,1,1,1,1,1,1,97213
"2188",5,5,NA,NA,1,1,1,1,0,8857
"2189",5,5,0,0,1,1,1,0,1,36867
"2190",1,1,0,0,1,1,1,1,0,27606
"2191",2,10,0,1,0,1,1,0,0,26040
"2192",7,9,0,1,0,1,1,0,0,92008
"2193",6,6,1,0,0,1,1,1,0,24502
"2194",7,7,0,1,1,1,0,0,0,33142
"2195",8,8,0,1,1,1,1,0,0,78245
"2196",3,3,0,0,1,1,1,0,0,50658
"2197",10,10,0,1,0,1,1,1,0,77510
"2198",6,6,0,1,0,1,1,0,0,97229
"2199",8,8,0,1,0,1,1,0,0,91761
"2200",1,1,1,0,0,1,0,0,0,74066
"2201",7,7,0,0,0,1,1,1,0,44113
"2202",5,5,0,0,1,1,1,1,0,77568
"2203",3,3,1,0,0,1,1,1,1,85543
"2204",6,7,1,0,0,1,1,1,1,46741
"2205",6,6,0,1,1,0,1,1,0,70817
"2206",7,7,0,1,0,1,1,0,0,47904
"2207",1,1,1,0,0,1,0,1,0,94806
"2208",8,8,0,0,0,1,0,1,1,76006
"2209",8,9,0,1,0,1,1,1,1,55104
"2210",10,10,0,1,1,1,0,0,0,63301
"2211",7,7,0,1,1,1,0,0,1,34741
"2212",4,6,0,1,1,0,1,0,0,48859
"2213",6,6,0,1,0,1,1,1,0,18103
"2214",3,3,1,0,1,1,0,1,1,85048
"2215",5,5,0,1,1,0,1,1,1,95834
"2216",9,10,0,1,1,1,1,1,0,60453
"2217",2,1,0,0,0,1,0,1,0,7203
"2218",10,10,0,0,1,1,1,1,1,34786
"2219",10,10,0,1,0,1,1,0,1,52501
"2220",3,6,0,1,1,0,0,0,0,40219
"2221",8,7,0,1,1,1,0,1,1,94301
"2222",10,10,0,1,0,1,1,1,1,92692
"2223",0,0,0,1,0,1,0,1,1,94145
"2224",9,9,0,1,1,1,0,0,0,46148
"2225",3,4,0,1,0,1,1,1,0,15853
"2226",7,8,0,1,0,1,0,1,0,10007
"2227",4,4,0,0,1,1,1,0,0,8015
"2228",8,7,0,1,0,1,1,1,1,10001
"2229",4,6,1,0,0,1,1,1,0,29615
"2230",7,8,0,0,1,1,1,1,1,53066
"2231",1,2,0,1,1,1,1,0,0,18518
"2232",2,3,0,0,1,1,1,0,1,48473
"2233",6,8,0,1,1,0,1,1,1,21113
"2234",10,10,0,1,1,0,1,1,0,4210
"2235",0,2,0,0,1,1,0,1,0,21239
"2236",1,2,0,1,0,1,1,0,0,38133
"2237",5,5,1,0,1,1,1,1,1,78734
"2238",0,0,1,0,0,1,1,1,1,61073
"2239",2,1,1,0,0,1,1,0,0,28304
"2240",0,2,1,0,1,1,1,0,0,17830
"2241",8,8,0,0,0,1,1,0,1,76006
"2242",10,10,0,1,1,1,0,1,0,22408
"2243",0,0,1,0,1,1,1,0,1,37379
"2244",2,3,0,0,0,1,1,1,1,15208
"2245",7,9,0,1,1,1,1,1,0,44130
"2246",7,4,0,1,1,1,0,0,1,3266
"2247",4,5,1,0,0,1,1,1,1,20878
"2248",0,0,0,0,0,1,1,0,0,79904
"2249",8,6,0,1,0,1,0,1,1,19038
"2250",9,8,0,1,1,1,0,1,1,27215
"2251",8,9,0,0,1,0,1,0,0,93725
"2252",2,2,1,0,1,1,1,1,1,33776
"2253",8,8,0,0,0,1,1,1,1,90026
"2254",8,8,0,1,0,1,1,1,1,60060
"2255",0,0,1,0,1,1,1,1,0,30121
"2256",0,1,1,0,0,0,1,0,0,74344
"2257",8,6,0,1,0,1,1,1,1,80602
"2258",8,6,0,0,0,1,0,0,1,70535
"2259",0,1,0,0,1,1,1,0,0,44657
"2260",1,1,0,0,0,1,1,1,0,47701
"2261",0,0,1,0,0,0,1,0,0,18510
"2262",5,5,1,0,1,1,1,0,0,43311
"2263",0,0,1,0,0,1,1,1,1,38671
"2264",0,1,1,0,0,1,1,1,1,15126
"2265",7,8,0,0,1,1,1,0,1,92653
"2266",6,6,0,1,0,0,0,0,0,32816
"2267",8,8,0,1,1,1,1,0,0,20774
"2268",4,5,0,0,1,1,1,1,0,36609
"2269",3,3,0,0,1,1,1,0,0,1746
"2270",8,8,0,0,1,1,0,1,1,17013
"2271",9,10,0,1,0,1,0,1,0,32809
"2272",2,2,0,1,0,1,1,0,0,23231
"2273",3,7,1,0,0,1,1,1,1,90001
"2274",0,0,1,0,0,1,1,0,1,13209
"2275",9,9,0,0,0,0,1,0,0,43202
"2276",7,7,0,0,0,1,1,1,1,48202
"2277",4,3,0,1,1,1,0,1,0,44109
"2278",0,0,1,0,1,1,1,1,0,62510
"2279",5,5,1,0,0,1,1,0,0,75220
"2280",7,7,0,1,1,1,0,0,1,32726
"2281",0,0,0,0,0,0,1,0,0,81001
"2282",2,3,0,1,1,1,0,1,0,60443
"2283",3,3,1,0,1,0,1,0,1,92139
"2284",4,5,1,0,0,0,1,0,0,85208
"2285",0,0,0,0,0,1,0,1,1,38655
"2286",2,3,1,0,1,0,1,0,0,24747
"2287",5,4,NA,NA,0,0,1,0,0,33710
"2288",2,2,1,0,0,1,1,1,0,15229
"2289",4,NA,1,0,1,1,1,1,1,38104
"2290",NA,NA,NA,NA,NA,NA,NA,NA,NA,NA
"2291",NA,NA,NA,NA,NA,NA,NA,NA,NA,NA
"2292",NA,NA,NA,NA,NA,NA,NA,NA,NA,NA
"2293",8,8,0,1,1,1,1,0,1,84096
"2294",NA,NA,1,0,0,1,1,1,1,8094
"2295",NA,NA,NA,NA,NA,NA,NA,NA,NA,NA
"2296",NA,5,0,0,0,0,1,1,0,42171
"2297",NA,2,1,0,1,0,1,0,1,68064
"2298",NA,NA,NA,NA,NA,NA,NA,NA,NA,NA
"2299",NA,NA,NA,NA,NA,NA,NA,NA,NA,NA
"2300",NA,NA,NA,NA,NA,NA,NA,NA,NA,NA
"2301",NA,NA,NA,NA,NA,NA,NA,NA,NA,NA
"2302",NA,NA,NA,NA,NA,NA,NA,NA,NA,NA
"2303",2,NA,0,1,1,1,1,1,0,53144
"2304",NA,NA,NA,NA,NA,NA,NA,NA,NA,NA
"2305",0,1,1,0,1,1,1,1,0,78610
"2306",NA,10,0,0,1,1,0,0,0,46902
"2307",NA,7,0,0,1,1,0,0,1,30041
"2308",NA,NA,NA,NA,NA,NA,NA,NA,NA,NA
"2309",NA,7,0,1,1,1,1,1,0,5660
"2310",NA,NA,NA,NA,0,1,0,0,0,23730
"2311",NA,NA,NA,NA,NA,NA,NA,NA,NA,NA
"2312",0,NA,1,0,1,1,1,0,1,40324
"2313",NA,NA,NA,NA,NA,NA,NA,NA,NA,NA
"2314",NA,NA,NA,NA,NA,NA,NA,NA,NA,NA
"2315",NA,NA,NA,NA,NA,NA,NA,NA,NA,NA
"2316",0,NA,1,0,0,1,1,0,0,33413
